2138,https://cdnimg.melon.co.kr/cm/album/images/000/02/138/2138_500.jpg/melon/resize/282/quality/80/optimize,처음처럼
3210,https://cdnimg.melon.co.kr/cm/album/images/000/03/210/3210_500.jpg/melon/resize/282/quality/80/optimize,남진 35주년 기념
4360,https://cdnimg.melon.co.kr/cm/album/images/000/04/360/4360_500.jpg/melon/resize/282/quality/80/optimize,가을 우체국 앞에서
16541,https://cdnimg.melon.co.kr/cm/album/images/000/16/541/16541_500.jpg/melon/resize/282/quality/80/optimize,Melodie d' Amour
16672,https://cdnimg.melon.co.kr/cm/album/images/000/16/672/16672_500.jpg?9fee676cf4b06f3fb163dc69b96a99f1/melon/resize/282/quality/80/optimize,새벽
26396,https://cdnimg.melon.co.kr/cm/album/images/000/26/396/26396_500.jpg/melon/resize/282/quality/80/optimize,Like Them
34289,https://cdnimg.melon.co.kr/cm/album/images/000/34/289/34289_500.jpg/melon/resize/282/quality/80/optimize,Can U See The Bright
47037,https://cdnimg.melon.co.kr/cm/album/images/000/47/037/47037_500.jpg/melon/resize/282/quality/80/optimize,Back To The Soul Flight
302749,https://cdnimg.melon.co.kr/cm/album/images/003/02/749/302749_500.jpg?6e0ae2985e313c491df9bb7df0f623e8/melon/resize/282/quality/80/optimize,짠짜라
328396,https://cdnimg.melon.co.kr/cm/album/images/003/28/396/328396_500.jpg/melon/resize/282/quality/80/optimize,The Ballads
335460,https://cdnimg.melon.co.kr/cm/album/images/003/35/460/335460_500.jpg/melon/resize/282/quality/80/optimize,Whispers Of Love
352513,https://cdnimg.melon.co.kr/cm/album/images/003/52/513/352513_500.jpg/melon/resize/282/quality/80/optimize,The Very Best Of Browneyes 'Take A Favorite'
355128,https://cdnimg.melon.co.kr/cm/album/images/003/55/128/355128_500.jpg/melon/resize/282/quality/80/optimize,다시 만난 세계
355853,https://cdnimg.melon.co.kr/cm/album/images/003/55/853/355853_500.jpg/melon/resize/282/quality/80/optimize,Always
359890,https://cdnimg.melon.co.kr/cm/album/images/003/59/890/359890_500.jpg/melon/resize/282/quality/80/optimize,혜성
590452,https://cdnimg.melon.co.kr/cm/album/images/005/90/452/590452_500.jpg/melon/resize/282/quality/80/optimize,사랑의 배터리
598055,https://cdnimg.melon.co.kr/cm/album/images/005/98/055/598055_500.jpg/melon/resize/282/quality/80/optimize,2NE1 1st Mini Album
616053,https://cdnimg.melon.co.kr/cm/album/images/006/16/053/616053_500.jpg/melon/resize/282/quality/80/optimize,Revolution
632858,https://cdnimg.melon.co.kr/cm/album/images/006/32/858/632858_500.jpg/melon/resize/282/quality/80/optimize,25th Anniversary: Retrospect
745152,https://cdnimg.melon.co.kr/cm/album/images/007/45/152/745152_500.jpg/melon/resize/282/quality/80/optimize,Romantic 겨울
842655,https://cdnimg.melon.co.kr/cm/album/images/008/42/655/842655_500.jpg/melon/resize/282/quality/80/optimize,시소
1017253,https://cdnimg.melon.co.kr/cm/album/images/010/17/253/1017253_500.jpg/melon/resize/282/quality/80/optimize,To Anyone
1166956,https://cdnimg.melon.co.kr/cm/album/images/011/66/956/1166956_500.jpg/melon/resize/282/quality/80/optimize,1.0
1328152,https://cdnimg.melon.co.kr/cm/album/images/013/28/152/1328152_500.jpg/melon/resize/282/quality/80/optimize,Lucky
2097226,https://cdnimg.melon.co.kr/cm/album/images/020/97/226/2097226_500.jpg/melon/resize/282/quality/80/optimize,버스커 버스커 1집
2125064,https://cdnimg.melon.co.kr/cm/album/images/021/25/064/2125064_500.jpg/melon/resize/282/quality/80/optimize,aRtisT
2133136,https://cdnimg.melon.co.kr/cm/album/images/021/33/136/2133136_500.jpg/melon/resize/282/quality/80/optimize,JP6
2134788,https://cdnimg.melon.co.kr/cm/album/images/021/34/788/2134788_500.jpg/melon/resize/282/quality/80/optimize,2 4 : 2 6
2148020,https://cdnimg.melon.co.kr/cm/album/images/021/48/020/2148020_500.jpg/melon/resize/282/quality/80/optimize,응답하라 1997 Love Story Part 1
2148596,https://cdnimg.melon.co.kr/cm/album/images/021/48/596/2148596_500.jpg/melon/resize/282/quality/80/optimize,오래된 노래
2173499,https://cdnimg.melon.co.kr/cm/album/images/021/73/499/2173499_500.jpg/melon/resize/282/quality/80/optimize,이단옆차기 프로젝트 Vol.02
2182792,https://cdnimg.melon.co.kr/cm/album/images/021/82/792/2182792_500.jpg/melon/resize/282/quality/80/optimize,내 연애의 모든 것 OST Part.3
2220514,https://cdnimg.melon.co.kr/cm/album/images/022/20/514/2220514_500.jpg/melon/resize/282/quality/80/optimize,Jelly Christmas 2013
2226707,https://cdnimg.melon.co.kr/cm/album/images/022/26/707/2226707_500.jpg/melon/resize/282/quality/80/optimize,보고싶었어요
2232505,https://cdnimg.melon.co.kr/cm/album/images/022/32/505/2232505_500.jpg/melon/resize/282/quality/80/optimize,별에서 온 그대 OST Part.7
2275068,https://cdnimg.melon.co.kr/cm/album/images/022/75/068/2275068_500.jpg/melon/resize/282/quality/80/optimize,카라 (Kara) 6th Mini Album 'Day&Night'
2279896,https://cdnimg.melon.co.kr/cm/album/images/022/79/896/2279896_500.jpg/melon/resize/282/quality/80/optimize,연애의 발견 OST Part 4
2284064,https://cdnimg.melon.co.kr/cm/album/images/022/84/064/2284064_500.jpg/melon/resize/282/quality/80/optimize,The 1st Digital Single '이 소설의 끝을 다시 써보려 해'
2288687,https://cdnimg.melon.co.kr/cm/album/images/022/88/687/2288687_500.jpg/melon/resize/282/quality/80/optimize,MISS ME OR DISS ME
2293456,https://cdnimg.melon.co.kr/cm/album/images/022/93/456/2293456_500.jpg/melon/resize/282/quality/80/optimize,The Winter's Tale
2295311,https://cdnimg.melon.co.kr/cm/album/images/022/95/311/2295311_500.jpg/melon/resize/282/quality/80/optimize,사랑의 단상 Chapter 5 : The Letter From Nowhere
2319240,https://cdnimg.melon.co.kr/cm/album/images/023/19/240/2319240_500.jpg/melon/resize/282/quality/80/optimize,Eat
2325345,https://cdnimg.melon.co.kr/cm/album/images/023/25/345/2325345_500.jpg/melon/resize/282/quality/80/optimize,SHAKE IT
2643633,https://cdnimg.melon.co.kr/cm/album/images/026/43/633/2643633_500.jpg/melon/resize/282/quality/80/optimize,bright #4
2643740,https://cdnimg.melon.co.kr/cm/album/images/026/43/740/2643740_500.jpg?26fc044c690bb32c6be189b58bbdb0f8/melon/resize/282/quality/80/optimize,I - The 1st Mini Album
2644221,https://cdnimg.melon.co.kr/cm/album/images/026/44/221/2644221_500.jpg/melon/resize/282/quality/80/optimize,No Make Up
2648403,https://cdnimg.melon.co.kr/cm/album/images/026/48/403/2648403_500.jpg/melon/resize/282/quality/80/optimize,Boys and Girls
2653536,https://cdnimg.melon.co.kr/cm/album/images/026/53/536/2653536_500.jpg/melon/resize/282/quality/80/optimize,"부탁해요, 엄마 OST Part.3"
2664662,https://cdnimg.melon.co.kr/cm/album/images/026/64/662/2664662_500.jpg/melon/resize/282/quality/80/optimize,EVERYTHING
2675039,https://cdnimg.melon.co.kr/cm/album/images/026/75/039/2675039_500.jpg/melon/resize/282/quality/80/optimize,화양연화 (花樣年華)
2676884,https://cdnimg.melon.co.kr/cm/album/images/026/76/884/2676884_500.jpg?367ec29568659368b35de3e1cf009598/melon/resize/282/quality/80/optimize,3.2
2679015,https://cdnimg.melon.co.kr/cm/album/images/026/79/015/2679015_500.jpg/melon/resize/282/quality/80/optimize,밴드 고맙삼다
2680682,https://cdnimg.melon.co.kr/cm/album/images/026/80/682/2680682_500.jpg?cde46cb9eb41b1cb1320c66b74e4f912/melon/resize/282/quality/80/optimize,SEVENTEEN 1st Album First 'LOVE&LETTER'
2680986,https://cdnimg.melon.co.kr/cm/album/images/026/80/986/2680986_500.jpg?51d984e7762108e5894eb1e871befb28/melon/resize/282/quality/80/optimize,Half Album RED ICKLE
2683581,https://cdnimg.melon.co.kr/cm/album/images/026/83/581/2683581_500.jpg/melon/resize/282/quality/80/optimize,When I Begin
2687963,https://cdnimg.melon.co.kr/cm/album/images/026/87/963/2687963_500.jpg/melon/resize/282/quality/80/optimize,또 오해영 OST Part.5
2692170,https://cdnimg.melon.co.kr/cm/album/images/026/92/170/2692170_500.jpg/melon/resize/282/quality/80/optimize,Bye bye my blue
2695228,https://cdnimg.melon.co.kr/cm/album/images/026/95/228/2695228_500.jpg/melon/resize/282/quality/80/optimize,Love&Letter Repackage Album
2698920,https://cdnimg.melon.co.kr/cm/album/images/026/98/920/2698920_500.jpg?aca18ecafe595f9e8ef8ceae07d50da8/melon/resize/282/quality/80/optimize,돈 벌 시간 2
2702242,https://cdnimg.melon.co.kr/cm/album/images/027/02/242/2702242_500.jpg/melon/resize/282/quality/80/optimize,MONKEY HOTEL
2705941,https://cdnimg.melon.co.kr/cm/album/images/027/05/941/2705941_500.jpg/melon/resize/282/quality/80/optimize,목요일 밤
2707047,https://cdnimg.melon.co.kr/cm/album/images/027/07/047/2707047_500.jpg/melon/resize/282/quality/80/optimize,달의 연인 - 보보경심 려 OST Part 2
2707131,https://cdnimg.melon.co.kr/cm/album/images/027/07/131/2707131_500.jpg?d12844bf96d3e276ece24c1a2a50fd68/melon/resize/282/quality/80/optimize,Full Album RED PLANET
2711116,https://cdnimg.melon.co.kr/cm/album/images/027/11/116/2711116_500.jpg?f3d524083282da9f3bc0984c5e53bbf8/melon/resize/282/quality/80/optimize,웃긴 밤
10012900,https://cdnimg.melon.co.kr/cm/album/images/100/12/900/10012900_500.jpg/melon/resize/282/quality/80/optimize,MEMORY
10020654,https://cdnimg.melon.co.kr/cm/album/images/100/20/654/10020654_500.jpg?3a9c04c968eb0ff8a9b1437d24abb8dd/melon/resize/282/quality/80/optimize,도깨비 OST Part.1
10020656,https://cdnimg.melon.co.kr/cm/album/images/100/20/656/10020656_500.jpg?9a932c0f3b0063361a1f9ab6bbdcdac4/melon/resize/282/quality/80/optimize,저 별
10022274,https://cdnimg.melon.co.kr/cm/album/images/100/22/274/10022274_500.jpg?c551da1cc5258d7a72fd768624a7cc70/melon/resize/282/quality/80/optimize,복면가왕 89회
10022709,https://cdnimg.melon.co.kr/cm/album/images/100/22/709/10022709_500.jpg?d23864800fca0b6e0cc88ed61d5c0525/melon/resize/282/quality/80/optimize,MADE
10024106,https://cdnimg.melon.co.kr/cm/album/images/100/24/106/10024106_500.jpg?6f4b385fcc9c20f1bba3f78ce2909d59/melon/resize/282/quality/80/optimize,도깨비 OST Part 4
10024816,https://cdnimg.melon.co.kr/cm/album/images/100/24/816/10024816_500.jpg?842e4108606415dae60b5ff6aa64ad76/melon/resize/282/quality/80/optimize,Full Album RED PLANET 'Hidden Track'
10027181,https://cdnimg.melon.co.kr/cm/album/images/100/27/181/10027181_500.jpg?d7292d46188023559d4815e47a1c0f4a/melon/resize/282/quality/80/optimize,장민호 1집 드라마
10029181,https://cdnimg.melon.co.kr/cm/album/images/100/29/181/10029181_500.jpg?324c27faf754d7935be2679540233df6/melon/resize/282/quality/80/optimize,도깨비 OST Part.9
10043575,https://cdnimg.melon.co.kr/cm2/album/images/100/43/575/10043575_20210302112520_500.jpg?14e3da595ac1039c81615c20c729fc83/melon/resize/282/quality/80/optimize,Rollin'
10055259,https://cdnimg.melon.co.kr/cm/album/images/100/55/259/10055259_500.jpg?1961712f64a969b21161de0cf336ee7a/melon/resize/282/quality/80/optimize,BLUE MOON
10057543,https://cdnimg.melon.co.kr/cm/album/images/100/57/543/10057543_500.jpg?98508314a09aa3596b3d9e5915c9550b/melon/resize/282/quality/80/optimize,종현 소품집 '이야기 Op.2'
10057740,https://cdnimg.melon.co.kr/cm/album/images/100/57/740/10057740_500.jpg?decb155209fa6cd6bd8a6dbbf3795a6f/melon/resize/282/quality/80/optimize,봄 그리고 너
10060647,https://cdnimg.melon.co.kr/cm/album/images/100/60/647/10060647_500.jpg?a503a5705a3011bfffe53581107d0176/melon/resize/282/quality/80/optimize,PSY 8th 4X2=8
10066921,https://cdnimg.melon.co.kr/cm/album/images/100/66/921/10066921_500.jpg?d681ad3ffefc92590ccb8cd33d55b4ee/melon/resize/282/quality/80/optimize,TEAM BABY
10074454,https://cdnimg.melon.co.kr/cm/album/images/100/74/454/10074454_500.jpg?9f3f84a18af60eba11828afcf1ffd1fd/melon/resize/282/quality/80/optimize,/// (너 먹구름 비)
10085466,https://cdnimg.melon.co.kr/cm/album/images/100/85/466/10085466_500.jpg?ebc86471292c08ed0c06f58e49232e2e/melon/resize/282/quality/80/optimize,OUR TWENTY FOR
10093077,https://cdnimg.melon.co.kr/cm/album/images/100/93/077/10093077_500.jpg?fcb28b71418e5c405c72ccfcaacc6fe8/melon/resize/282/quality/80/optimize,4.0
10100191,https://cdnimg.melon.co.kr/cm/album/images/101/00/191/10100191_500.jpg?0e733ba07eeb0fd8a39f04a8eb6291fd/melon/resize/282/quality/80/optimize,Red Diary Page.1
10101927,https://cdnimg.melon.co.kr/cm/album/images/101/01/927/10101927_500.jpg?94b38a94aa16a4dd00143a73b124cec0/melon/resize/282/quality/80/optimize,Yellow OST Part.2
10117789,https://cdnimg.melon.co.kr/cm/album/images/101/17/789/10117789_500.jpg?3e69e6793af31e27f6c582daaf861064/melon/resize/282/quality/80/optimize,Downtown Baby
10118955,https://cdnimg.melon.co.kr/cm/album/images/101/18/955/10118955_500.jpg?92ef9877db345f99a22ab4629f92f463/melon/resize/282/quality/80/optimize,Merry & Happy
10126977,https://cdnimg.melon.co.kr/cm/album/images/101/26/977/10126977_500.jpg?d738146dec809a449dde8a228780fd99/melon/resize/282/quality/80/optimize,비밀정원
10127486,https://cdnimg.melon.co.kr/cm/album/images/101/27/486/10127486_500.jpg?a0d6dd9762b80524e838c162d466369f/melon/resize/282/quality/80/optimize,#첫사랑
10136251,https://cdnimg.melon.co.kr/cm/album/images/101/36/251/10136251_500.jpg?ee6449dbf9f72573726a8f0b7ca56651/melon/resize/282/quality/80/optimize,그리고 봄
10152984,https://cdnimg.melon.co.kr/cm/album/images/101/52/984/10152984_500.jpg?abf44dc79206b79a48080a7538b0cc9b/melon/resize/282/quality/80/optimize,나의 아저씨 OST Part.2
10155845,https://cdnimg.melon.co.kr/cm/album/images/101/55/845/10155845_500.jpg?604a050757ecdbd849f821ebcfc3cd11/melon/resize/282/quality/80/optimize,FNC LAB '사랑했었다 (Still love you)'
10163106,https://cdnimg.melon.co.kr/cm/album/images/101/63/106/10163106_500.jpg?337d03c7a135e6d95049c3a877afd268/melon/resize/282/quality/80/optimize,여자친구 The 6th Mini Album 'Time for the moon night'
10175106,https://cdnimg.melon.co.kr/cm/album/images/101/75/106/10175106_500.jpg?982248187a3b8b5a4e901d3f6e42265b/melon/resize/282/quality/80/optimize,THIS IS US
10178996,https://cdnimg.melon.co.kr/cm/album/images/101/78/996/10178996_500.jpg?d3c428a83d34810c05ae183fc9f36c6f/melon/resize/282/quality/80/optimize,웃으며
10179508,https://cdnimg.melon.co.kr/cm/album/images/101/79/508/10179508_500.jpg?7a5f915026311f6a136facc7aa9f196c/melon/resize/282/quality/80/optimize,Take
10182740,https://cdnimg.melon.co.kr/cm/album/images/101/82/740/10182740_500.jpg?b2dac5f457131d2f1afb8862b0b2f5dd/melon/resize/282/quality/80/optimize,헤어지던 밤
10183127,https://cdnimg.melon.co.kr/cm/album/images/101/83/127/10183127_500.jpg?21a98b89f347feb44dcc70226f9d6276/melon/resize/282/quality/80/optimize,Summer Nights
10194044,https://cdnimg.melon.co.kr/cm/album/images/101/94/044/10194044_500.jpg?2996b2f06981c4f1dcd1d9c2312734e5/melon/resize/282/quality/80/optimize,A-TEEN Part.3
10210149,https://cdnimg.melon.co.kr/cm/album/images/102/10/149/10210149_500.jpg?070403fcabbb604154547191e4453568/melon/resize/282/quality/80/optimize,첫사랑
10229387,https://cdnimg.melon.co.kr/cm/album/images/102/29/387/10229387_500.jpg?e48ff64d1ee5b51f374958f9b5a68da4/melon/resize/282/quality/80/optimize,행복
10235861,https://cdnimg.melon.co.kr/cm/album/images/102/35/861/10235861_500.jpg?c1e883dc3ae1ae040e7d579dfeb0e92f/melon/resize/282/quality/80/optimize,Made In Christmas (feat. 이수현 of 악동뮤지션)
10236407,https://cdnimg.melon.co.kr/cm/album/images/102/36/407/10236407_500.jpg?49d88a5e83a872d9bdd2cc326d255530/melon/resize/282/quality/80/optimize,Re-born Part.2 우리의 꿈
10238683,https://cdnimg.melon.co.kr/cm/album/images/102/38/683/10238683_500.jpg?9c97165f11b950acff06470b17c56c6e/melon/resize/282/sharpen/0x1,벌써 12시
10238711,https://cdnimg.melon.co.kr/cm/album/images/102/38/711/10238711_500.jpg?7cbf13fddf277329634c9a42af6e85ce/melon/resize/282/quality/80/optimize,FLY HIGH PROJECT #2 '옥탑방'
10245121,https://cdnimg.melon.co.kr/cm/album/images/102/45/121/10245121_500.jpg?0d8bc00e1520ccb501274629d090a7a5/melon/resize/282/quality/80/optimize,이 노래가 클럽에서 나온다면
10247794,https://cdnimg.melon.co.kr/cm/album/images/102/47/794/10247794_500.jpg?1aa243bacb5dde099533256a6d856bf1/melon/resize/282/quality/80/optimize,그대가 살아서
10249601,https://cdnimg.melon.co.kr/cm/album/images/102/49/601/10249601_500.jpg?da6cf814731a9b99743f4bc8ef26f92c/melon/resize/282/quality/80/optimize,20th ANNIVERSARY 'REborn'
10260858,https://cdnimg.melon.co.kr/cm/album/images/102/60/858/10260858_500.jpg?02df39ed806cd5e224ae1be4ab9417dd/melon/resize/282/quality/80/optimize,전설
10268898,https://cdnimg.melon.co.kr/cm/album/images/102/68/898/10268898_500.jpg?7c9e3cfcf193fc9ec4b6bd6a2b3ec24c/melon/resize/282/quality/80/optimize,사춘기집Ⅰ 꽃기운
10271429,https://cdnimg.melon.co.kr/cm/album/images/102/71/429/10271429_500.jpg?a5f5cb10222e7f15a31230ca9970fcf4/melon/resize/282/quality/80/optimize,More ASH
10286309,https://cdnimg.melon.co.kr/cm/album/images/102/86/309/10286309_500.jpg?62b48e909b01e81fe270498ab66e7ca8/melon/resize/282/quality/80/optimize,너에게 못했던 내 마지막 말은
10294603,https://cdnimg.melon.co.kr/cm/album/images/102/94/603/10294603_500.jpg?0c56b81bdfc97f7c568a95aad6a7614a/melon/resize/282/quality/80/optimize,Red Moon : To You My Light
10294763,https://cdnimg.melon.co.kr/cm/album/images/102/94/763/10294763_500.jpg?925a6da90bfaaa9ea030edb3ad07ee03/melon/resize/282/quality/80/optimize,솔직하게 말해서 나
10305070,https://cdnimg.melon.co.kr/cm/album/images/103/05/070/10305070_500.jpg?8e4dafd3e69b879fdeb5f6d5e8e6cdda/melon/resize/282/sharpen/0x1,인사
10309213,https://cdnimg.melon.co.kr/cm/album/images/103/09/213/10309213_500.jpg?587fb02d93ee12ac9d0e2d25fdb82575/melon/resize/282/quality/80/optimize,호텔 델루나 OST Part.3
10317137,https://cdnimg.melon.co.kr/cm2/album/images/103/17/137/10317137_500.jpg?04379f77042df907730f26c136957d65/melon/resize/282/quality/80/optimize,호텔 델루나 OST Part.10
10320500,https://cdnimg.melon.co.kr/cm2/album/images/103/20/500/10320500_500.jpg?415f9d7d32c2914d632a56cd402ccd62/melon/resize/282/sharpen/0x1,멜로가 체질 OST Part 3
10331499,https://cdnimg.melon.co.kr/cm2/album/images/103/31/499/10331499_500.jpg?a147e1e367c8cc0d6c02ca8ccd97a47a/melon/resize/282/quality/80/optimize,조금 취했어
10337649,https://cdnimg.melon.co.kr/cm2/album/images/103/37/649/10337649_500.jpg?1e0e47e3c5b1e707bba722d7089932c5/melon/resize/282/quality/80/optimize,만추
10344534,https://cdnimg.melon.co.kr/cm2/album/images/103/44/534/10344534_500.jpg?d9ebbb729a4282bf5cf4fc9f6a2612e2/melon/resize/282/quality/80/optimize,Purpose - The 2nd Album
10346650,https://cdnimg.melon.co.kr/cm2/album/images/103/46/650/10346650_500.jpg?14a08050b8c6adc879b6e0cf587d456a/melon/resize/282/quality/80/optimize,Love poem
10359126,https://cdnimg.melon.co.kr/cm2/album/images/103/59/126/10359126_500.jpg?893bf3ed5678b90b4896e9f0c8f2535a/melon/resize/282/quality/80/optimize,너의 번호를 누르고
10364036,https://cdnimg.melon.co.kr/cm2/album/images/103/64/036/10364036_20191212141529_500.jpg?61c4b6497a0882209d6fb62121fd1aca/melon/resize/282/quality/80/optimize,Serenade
10369830,https://cdnimg.melon.co.kr/cm2/album/images/103/69/830/10369830_20191230105943_500.jpg?656d03fa120d8be02ede53691a937767/melon/resize/282/quality/80/optimize,Red Moon : Happiness
10375118,https://cdnimg.melon.co.kr/cm2/album/images/103/75/118/10375118_20200113150502_500.jpg?b647b682e56da69ebcb1876f019e17c0/melon/resize/282/quality/80/optimize,아무노래
10381712,https://cdnimg.melon.co.kr/cm2/album/images/103/81/712/10381712_20200131110358_500.jpg?336dfd739d81da76bc98410f2ddc1069/melon/resize/282/quality/80/optimize,이태원 클라쓰 OST Part.2
10385603,https://cdnimg.melon.co.kr/cm2/album/images/103/85/603/10385603_20200207102907_500.jpg?b7c0d4f1911b20b4de5d124a9e5ad770/melon/resize/282/quality/80/optimize,내일은 미스터트롯 데스매치 PART2
10387882,https://cdnimg.melon.co.kr/cm2/album/images/103/87/882/10387882_20200213140941_500.jpg?8603d136f4b5df7d2981049bfcd4695e/melon/resize/282/quality/80/optimize,꽃
10388744,https://cdnimg.melon.co.kr/cm2/album/images/103/88/744/10388744_20200214175740_500.jpg?edbdd3b688c5f2725769dbcf9ad270b0/melon/resize/282/quality/80/optimize,사랑의 불시착 OST Part 11
10393226,https://cdnimg.melon.co.kr/cm2/album/images/103/93/226/10393226_20200224153824_500.jpg?ccc4e97156fc247a22cf687f8d4b9b47/melon/resize/282/quality/80/optimize,동그라미
10399190,https://cdnimg.melon.co.kr/cm2/album/images/103/99/190/10399190_20200305151138_500.jpg?1ed82b8e34ad9abba6db154cb848c290/melon/resize/282/quality/80/optimize,어떻게 지내
10400522,https://cdnimg.melon.co.kr/cm2/album/images/104/00/522/10400522_20200309153009_500.jpg?84df9aca6a6aff2443cd8c22495d5b05/melon/resize/282/quality/80/optimize,IT'z ME
10406889,https://cdnimg.melon.co.kr/cm2/album/images/104/06/889/10406889_20200323160252_500.jpg?e33039a2858161fc3f20ed66bb28fb44/melon/resize/282/quality/80/optimize,GONE
10409054,https://cdnimg.melon.co.kr/cm2/album/images/104/09/054/10409054_20200326163459_500.jpg?bd91fef6249cc3926545d7d163e35325/melon/resize/282/quality/80/optimize,슬기로운 의사생활 OST Part 3
10412552,https://cdnimg.melon.co.kr/cm2/album/images/104/12/552/10412552_20200403152200_500.jpg?bb4f56dacea2f9e1888fb18da2c377ec/melon/resize/282/quality/80/optimize,Life Like 18
10420968,https://cdnimg.melon.co.kr/cm2/album/images/104/20/968/10420968_20200422115059_500.jpg?bbd1fca2e8e78d28722c77a59e081747/melon/resize/282/quality/80/optimize,나는 반딧불
10423289,https://cdnimg.melon.co.kr/cm2/album/images/104/23/289/10423289_20200427153909_500.jpg?33a9f621c154722d51621a0ba45dd402/melon/resize/282/quality/80/optimize,NONSTOP
10423519,https://cdnimg.melon.co.kr/cm2/album/images/104/23/519/10423519_20200428102234_500.jpg?1c94721f1a8bab30982c18a0192543db/melon/resize/282/quality/80/optimize,나보다 더 사랑해요
10425647,https://cdnimg.melon.co.kr/cm2/album/images/104/25/647/10425647_20200504145352_500.jpg?274e798ddb094a53736405ac844ea4e4/melon/resize/282/quality/80/optimize,Happy
10430249,https://cdnimg.melon.co.kr/cm2/album/images/104/30/249/10430249_20200514103558_500.jpg?737e87afcfb000284fe5a142697711f8/melon/resize/282/quality/80/optimize,Ghetto Kids
10437172,https://cdnimg.melon.co.kr/cm2/album/images/104/37/172/10437172_20200529103239_500.jpg?f1015740f0161546c003e456bd74acc0/melon/resize/282/quality/80/optimize,사랑의 콜센타 PART8
10454538,https://cdnimg.melon.co.kr/cm2/album/images/104/54/538/10454538_20200702150451_500.jpg?166d060a92cda73c7b65538456a8b5e9/melon/resize/282/sharpen/0x1,Error
10469416,https://cdnimg.melon.co.kr/cm2/album/images/104/69/416/10469416_20200730151034_500.jpg?dcdcccfa8cd1bc5dae7b668a5910c277/melon/resize/282/sharpen/0x1,NUNA
10486085,https://cdnimg.melon.co.kr/cm2/album/images/104/86/085/10486085_20200904134735_500.jpg?e1b810e1fda795150c16ef4ae4ad8aec/melon/resize/282/quality/80/optimize,Red Moon : Ode To The Stars
10486198,https://cdnimg.melon.co.kr/cm2/album/images/104/86/198/10486198_20200904151851_500.jpg?b860ab7db220839c7b9ba82ae1fc6bbb/melon/resize/282/quality/80/optimize,우리家
10496604,https://cdnimg.melon.co.kr/cm2/album/images/104/96/604/10496604_20200925163956_500.jpg?d9fd189312bff6f34080c772d2160359/melon/resize/282/quality/80/optimize,밤하늘의 저 별처럼 (브람스를 좋아하세요? OST 스페셜 트랙)
10498032,https://cdnimg.melon.co.kr/cm2/album/images/104/98/032/10498032_20200929122954_500.jpg?bbd6c46926bea2ad5582437d7e7cb6fa/melon/resize/282/quality/80/optimize,THE ALBUM
10501191,https://cdnimg.melon.co.kr/cm2/album/images/105/01/191/10501191_20201008173829_500.jpg?4f307df3905a9e868b810b71ccf887eb/melon/resize/282/sharpen/0x1,DON'T TOUCH ME
10505425,https://cdnimg.melon.co.kr/cm2/album/images/105/05/425/10505425_20201019154226_500.jpg?648dc80528763852c8278a0cf3344585/melon/resize/282/quality/80/optimize,with HER
10508266,https://cdnimg.melon.co.kr/cm2/album/images/105/08/266/10508266_20201023171236_500.jpg?fc72404bc5ea7d9fa46d63bc4f9e62ec/melon/resize/282/quality/80/optimize,잠이 오질 않네요
10511156,https://cdnimg.melon.co.kr/cm2/album/images/105/11/156/10511156_20201029161043_500.jpg?c6cdf6d317efcb4d53d07c2dc7eeb2ee/melon/resize/282/quality/80/optimize,네 옆에 그 사람은 내가 아닌 다른사람
10518234,https://cdnimg.melon.co.kr/cm2/album/images/105/18/234/10518234_20210216102853_500.jpg?90c7ebe3f247793b408e1e8c00ad061d/melon/resize/282/quality/80/optimize,밤하늘의 별을(2020)
10525794,https://cdnimg.melon.co.kr/cm2/album/images/105/25/794/10525794_20201127164111_500.jpg?3b0f9a9ac7e42d1e58ea6bff2fa4be64/melon/resize/282/quality/80/optimize,요즘
10529335,https://cdnimg.melon.co.kr/cm2/album/images/105/29/335/10529335_20201204153905_500.jpg?152dd37ce49b52fe7d7d78b83b1f1096/melon/resize/282/sharpen/0x1,[Vol.77] 유희열의 스케치북 : 마흔여덟 번째 목소리 '유스케 X DAY6 (Even of Day)'
10530160,https://cdnimg.melon.co.kr/cm2/album/images/105/30/160/10530160_20201207160115_500.jpg?d63ad158584d7737ddd43a3f34d74a68/melon/resize/282/quality/80/optimize,One-reeler / Act IV
10536658,https://cdnimg.melon.co.kr/cm2/album/images/105/36/658/10536658_20201218161800_500.jpg?51257cd5f653a7ff8401948d93c8ec97/melon/resize/282/quality/80/optimize,쇼미더머니 9 Final
10540298,https://cdnimg.melon.co.kr/cm2/album/images/105/40/298/10540298_20201229150823_500.jpg?14b23cb69fbfc296f974618525ec9957/melon/resize/282/quality/80/optimize,밝게 빛나는 별이 되어 비춰줄게
10541062,https://cdnimg.melon.co.kr/cm2/album/images/105/41/062/10541062_20201231011056_500.jpg?4475498c89173424218158640feff5f2/melon/resize/282/quality/80/optimize,MELOH
10554246,https://cdnimg.melon.co.kr/cm2/album/images/105/54/246/10554246_20210325161233_500.jpg?304eb9ed9c07a16ec6d6e000dc0e7d91/melon/resize/282/quality/80/optimize,IU 5th Album 'LILAC'
10567271,https://cdnimg.melon.co.kr/cm2/album/images/105/67/271/10567271_20210219110723_500.jpg?937ec9c2e4fa06e5604bfd48e3d999be/melon/resize/282/quality/80/optimize,시가 될 이야기
10574133,https://cdnimg.melon.co.kr/cm2/album/images/105/74/133/10574133_20210305154050_500.jpg?308d3ebe9dd0d8523b0211a3ce607882/melon/resize/282/quality/80/optimize,Red Moon : Full Bloom (滿開)
10580227,https://cdnimg.melon.co.kr/cm2/album/images/105/80/227/10580227_20210319163608_500.jpg?2c3f1e488b711965f5f817fc8ee3a3ce/melon/resize/282/quality/80/optimize,사이렌 Remix
10583435,https://cdnimg.melon.co.kr/cm2/album/images/105/83/435/10583435_20210325213541_500.jpg?4a1c8cb84a5217c3cabbb54eab645d76/melon/resize/282/quality/80/optimize,PILLOW
10586388,https://cdnimg.melon.co.kr/cm2/album/images/105/86/388/10586388_20210401185245_500.jpg?56987e7167dcfbf2d81f3b0f5ba0a2a7/melon/resize/282/quality/80/optimize,대화가 필요해
10602409,https://cdnimg.melon.co.kr/cm2/album/images/106/02/409/10602409_20210504172231_500.jpg?153a3382e84d0692c8900a6c637a578d/melon/resize/282/quality/80/optimize,문어의 꿈
10604113,https://cdnimg.melon.co.kr/cm2/album/images/106/04/113/10604113_20210507162705_500.jpg?83703650a739eeeb4a51974612f148aa/melon/resize/282/quality/80/optimize,#0055b7
10604729,https://cdnimg.melon.co.kr/cm2/album/images/106/04/729/10604729_20210510143932_500.jpg?1056f17bb6bd56afbbcd92f65d87723e/melon/resize/282/sharpen/0x1,Dear OHMYGIRL
10606892,https://cdnimg.melon.co.kr/cm2/album/images/106/06/892/10606892_20210513100549_500.jpg?cc2dd90c5d2518ffe263c795a0d22f3d/melon/resize/282/quality/80/optimize,5.2 (Feat. 이수현)
10607796,https://cdnimg.melon.co.kr/cm2/album/images/106/07/796/10607796_20210513201807_500.jpg?cb1d50410b364ec4c2a4848adbf5eb68/melon/resize/282/quality/80/optimize,신호등
10632920,https://cdnimg.melon.co.kr/cm2/album/images/106/32/920/10632920_20210621135204_500.jpg?b167dfc80e00427b39ff9c1e6d56887e/melon/resize/282/quality/80/optimize,허리춤
10639384,https://cdnimg.melon.co.kr/cm2/album/images/106/39/384/10639384_20210628195604_500.jpg?164a86a7597127cac9237051d28760ed/melon/resize/282/quality/80/optimize,사랑의 콜센타 PART61
10639807,https://cdnimg.melon.co.kr/cm2/album/images/106/39/807/10639807_20210629105502_500.jpg?864b0a12273442b0d0625d6dab800b64/melon/resize/282/quality/80/optimize,비 오는 날 듣기 좋은 노래
10641512,https://cdnimg.melon.co.kr/cm2/album/images/106/41/512/10641512_20210630153057_500.jpg?f8927669432869c1c8c3fd5362e43461/melon/resize/282/quality/80/optimize,슬기로운 의사생활 시즌2 OST Part 3
10646362,https://cdnimg.melon.co.kr/cm2/album/images/106/46/362/10646362_20210707141211_500.jpg?8a81f4bed6e27ab08d76cc0486e73568/melon/resize/282/quality/80/optimize,밤이 되니까
10655122,https://cdnimg.melon.co.kr/cm2/album/images/106/55/122/10655122_20210719121109_500.jpg?13e683bf1394ebbc87270279ce873fa0/melon/resize/282/quality/80/optimize,첫 번째 '고백'
10661149,https://cdnimg.melon.co.kr/cm2/album/images/106/61/149/10661149_20210723152034_500.jpg?961684a9b904ad87b162d04c5052fd53/melon/resize/282/quality/80/optimize,어서와요 키카코 하우스
10663825,https://cdnimg.melon.co.kr/cm2/album/images/106/63/825/10663825_20210728151057_500.jpg?81066c26d5fb9f0f1bde54e7dfc24566/melon/resize/282/quality/80/optimize,환상의 나라
10667450,https://cdnimg.melon.co.kr/cm2/album/images/106/67/450/10667450_20210802111127_500.jpg?50cb4cd1dfd135f05519e7ba7133972c/melon/resize/282/quality/80/optimize,DUMB DUMB
10670618,https://cdnimg.melon.co.kr/cm2/album/images/106/70/618/10670618_20210804111639_500.jpg?0858fb8be52a07d4fad68de29a711aeb/melon/resize/282/quality/80/optimize,비가 오는 날엔 (2021)
10673875,https://cdnimg.melon.co.kr/cm2/album/images/106/73/875/10673875_20210806151131_500.jpg?e748d6efdeae0515736efbd3352eada5/melon/resize/282/quality/80/optimize,두 번째 '고백'
10679344,https://cdnimg.melon.co.kr/cm2/album/images/106/79/344/10679344_20210812144830_500.jpg?e8c9531d4520a625cc003c3336492c9c/melon/resize/282/quality/80/optimize,슬기로운 의사생활 시즌2 OST Part 8
10682284,https://cdnimg.melon.co.kr/cm2/album/images/106/82/284/10682284_20210817142421_500.jpg?e5cbfb8ac561d83a053009f77ba714c3/melon/resize/282/quality/80/optimize,혼돈의 장: FIGHT OR ESCAPE
10689337,https://cdnimg.melon.co.kr/cm2/album/images/106/89/337/10689337_20210824112552_500.jpg?f8d44a1abdd393153e742ab671b3d015/melon/resize/282/quality/80/optimize,칵테일 사랑 (너에게만 좋은 사람이 되고 싶어 X Lokid)
10695332,https://cdnimg.melon.co.kr/cm2/album/images/106/95/332/10695332_20210909134138_500.jpg?2dbc655173a4d6fd2fcbae6461dc14fc/melon/resize/282/quality/80/optimize,4 ONLY
10704178,https://cdnimg.melon.co.kr/cm2/album/images/107/04/178/10704178_20210906141809_500.jpg?e0802eaa693fbf2bce550442a8f25aef/melon/resize/282/quality/80/optimize,STEREOTYPE
10711439,https://cdnimg.melon.co.kr/cm2/album/images/107/11/439/10711439_20210910150417_500.jpg?2913923b129ceed3ba395fd35a4af92c/melon/resize/282/quality/80/optimize,갯마을 차차차 OST Part 2
10716172,https://cdnimg.melon.co.kr/cm2/album/images/107/16/172/10716172_20210916153028_500.jpg?4620a2f34ca184c56528471e30f89af3/melon/resize/282/quality/80/optimize,슬기로운 의사생활 시즌2 OST Part 12
10716174,https://cdnimg.melon.co.kr/cm2/album/images/107/16/174/10716174_20210916153439_500.jpg?557e3cbb17a662e05e4d72e21555984d/melon/resize/282/quality/80/optimize,Red Moon : Beyond The Light
10716399,https://cdnimg.melon.co.kr/cm2/album/images/107/16/399/10716399_20210916173429_500.jpg?d0ffad437e074395ff77646d920ece94/melon/resize/282/quality/80/optimize,너를 생각해
10721169,https://cdnimg.melon.co.kr/cm2/album/images/107/21/169/10721169_20210923195418_500.jpg?5fde9ecf53ea2dd1045b94701b60e753/melon/resize/282/quality/80/optimize,CRAZY IN LOVE
10729289,https://cdnimg.melon.co.kr/cm2/album/images/107/29/289/10729289_20210930211714_500.jpg?3d818c26a5a7528f77ce2abdaa7b0149/melon/resize/282/quality/80/optimize,갯마을 차차차 OST Part 6
10733756,https://cdnimg.melon.co.kr/cm2/album/images/107/33/756/10733756_20211007101424_500.jpg?96be541921873e7e2b46fd4db5db6920/melon/resize/282/quality/80/optimize,..선물
10734371,https://cdnimg.melon.co.kr/cm2/album/images/107/34/371/10734371_20211007150652_500.jpg?7414b266bb7dd8b3723d2398daedb9c7/melon/resize/282/quality/80/optimize,김철수 씨 이야기
10734630,https://cdnimg.melon.co.kr/cm2/album/images/107/34/630/10734630_20211007162817_500.jpg?58a4affcd95d57fe39ffa2f52dae0f3c/melon/resize/282/quality/80/optimize,국민가수 마스터 예심 PART1
10738113,https://cdnimg.melon.co.kr/cm2/album/images/107/38/113/10738113_20211012194001_500.jpg?9d9cbfbc3e15d206540e4f03d571b295/melon/resize/282/quality/80/optimize,한 걸음씩 멀어지는 너에게
10739711,https://cdnimg.melon.co.kr/cm2/album/images/107/39/711/10739711_20211013174125_500.jpg?579a4c0ad35d1a560d1a8b988db2253f/melon/resize/282/quality/80/optimize,이러면 안 될 거 아는데 너 앞에만 서면 나락
10744523,https://cdnimg.melon.co.kr/cm2/album/images/107/44/523/10744523_20211019130335_500.jpg?5baacb1243697a447753932ae02c39af/melon/resize/282/quality/80/optimize,SUNSHINE LOVE
10749330,https://cdnimg.melon.co.kr/cm2/album/images/107/49/330/10749330_20211022104927_500.jpg?12a10421e1bb3394fe42373317f80509/melon/resize/282/quality/80/optimize,SEVENTEEN 9th Mini Album 'Attacca'
10752875,https://cdnimg.melon.co.kr/cm2/album/images/107/52/875/10752875_20211026145746_500.jpg?1d892aab8500eebef9b7e025348189b1/melon/resize/282/quality/80/optimize,New Century Masterpiece Cinema
10757725,https://cdnimg.melon.co.kr/cm2/album/images/107/57/725/10757725_20211029144003_500.jpg?369864dacac6d81da8d1dae2ff546c17/melon/resize/282/quality/80/optimize,XOXO
10758782,https://cdnimg.melon.co.kr/cm2/album/images/107/58/782/10758782_20211101111650_500.jpg?288ba8d3b41556a84a67fabff3f7efea/melon/resize/282/quality/80/optimize,별거 없던 그 하루로
10765081,https://cdnimg.melon.co.kr/cm2/album/images/107/65/081/10765081_20211105144652_500.jpg?f815d8c3c2c06f73f61b99a8c4ac3eff/melon/resize/282/quality/80/optimize,쇼미더머니 10 Episode 1
10771882,https://cdnimg.melon.co.kr/cm2/album/images/107/71/882/10771882_20211110183217_500.jpg?f054b7ce7447294abd9b77a1bca93c6f/melon/resize/282/quality/80/optimize,The 3rd EP
10778556,https://cdnimg.melon.co.kr/cm2/album/images/107/78/556/10778556_20211116105621_500.jpg?7388a25c12a4273eb8820ddc7d7a4648/melon/resize/282/quality/80/optimize,YOUNHA 6th Album 'END THEORY'
10784974,https://cdnimg.melon.co.kr/cm2/album/images/107/84/974/10784974_20211119152051_500.jpg?7d12cf76f2a1c9cdf6891199e10bb8e3/melon/resize/282/quality/80/optimize,쇼미더머니 10 Episode 3
10788099,https://cdnimg.melon.co.kr/cm2/album/images/107/88/099/10788099_20211123142705_500.jpg?02fdb258f873b3805ae764121ea73795/melon/resize/282/quality/80/optimize,그대 돌아오면
10788694,https://cdnimg.melon.co.kr/cm2/album/images/107/88/694/10788694_20211123163927_500.jpg?2c9dd56cfa8555a94aef5dc341782f04/melon/resize/282/quality/80/optimize,폐허가 된다 해도
10790065,https://cdnimg.melon.co.kr/cm2/album/images/107/90/065/10790065_20211124144350_500.jpg?97b144f09ae7fe9084974abeca3f51ad/melon/resize/282/quality/80/optimize,하루를 어떻게 써야 해
10792490,https://cdnimg.melon.co.kr/cm2/album/images/107/92/490/10792490_20211125152224_500.jpg?611f4cc0ade73f7582ce0e66dac5d03f/melon/resize/282/quality/80/optimize,그게 더 편할 것 같아 (N번째 연애 X 멜로망스)
10793912,https://cdnimg.melon.co.kr/cm2/album/images/107/93/912/10793912_20211126141422_500.jpg?4d7f395171c68f68a0b8cade276cab6a/melon/resize/282/quality/80/optimize,쇼미더머니 10 Semi Final
10795285,https://cdnimg.melon.co.kr/cm2/album/images/107/95/285/10795285_20211129102129_500.jpg?3d1e3f0fd46b22aaa5aa016dcbc8ae46/melon/resize/282/quality/80/optimize,Killing Me
10802694,https://cdnimg.melon.co.kr/cm2/album/images/108/02/694/10802694_20211203143302_500.jpg?3c51b8b747cd77d9f56cbb015ea2dfcc/melon/resize/282/quality/80/optimize,쇼미더머니 10 Final
10804190,https://cdnimg.melon.co.kr/cm2/album/images/108/04/190/10804190_20211210110205_500.jpg?5cac714b7f8c7b3671d41ce492f297dc/melon/resize/282/quality/80/optimize,그 해 우리는 OST Part.1
10805063,https://cdnimg.melon.co.kr/cm2/album/images/108/05/063/10805063_20211207122513_500.jpg?2c82d57f7a22cf7435be9ad20ba15203/melon/resize/282/quality/80/optimize,"""TO INFINITY."""
10806786,https://cdnimg.melon.co.kr/cm2/album/images/108/06/786/10806786_20211208153525_500.jpg?b7a8d33d3be1435521d15fa4a6ec9817/melon/resize/282/quality/80/optimize,너를 생각해 (2022)
10807346,https://cdnimg.melon.co.kr/cm2/album/images/108/07/346/10807346_20211208223040_500.jpg?c147ff46d350fbad2301ed1bcadb65c0/melon/resize/282/quality/80/optimize,밤새 서로 미루다
10809753,https://cdnimg.melon.co.kr/cm2/album/images/108/09/753/10809753_20211210144137_500.jpg?9a0471f70acf84fe6e6f6de2754c7117/melon/resize/282/quality/80/optimize,흰눈
10809913,https://cdnimg.melon.co.kr/cm2/album/images/108/09/913/10809913_20211210155812_500.jpg?a0fd132fe7fa741f31f5cb1e7c6d1faa/melon/resize/282/quality/80/optimize,"너의 밤,너의 별,너의 달"
10811289,https://cdnimg.melon.co.kr/cm2/album/images/108/11/289/10811289_20211213183812_500.jpg?8f8beff5ad64d15319ce1c6cb2fa9dba/melon/resize/282/quality/80/optimize,GENERATION
10817222,https://cdnimg.melon.co.kr/cm2/album/images/108/17/222/10817222_20211230164118_500.jpg?d04d1e2230b22dcdfdc6bb65e9d19059/melon/resize/282/quality/80/optimize,"08베이식 REMIX (Feat. 365LIT, CHANGMO, CROWN J, DON MILLS, FANA, GAEKO, LAYONE, lIlBOI, MYUNDO, PAUL BLANCO, SAN E, SWINGS, SKINNY BROWN, VERBAL JINT, YUMDDA)"
10818396,https://cdnimg.melon.co.kr/cm2/album/images/108/18/396/10818396_20211220135618_500.jpg?c4f071b1c520b99d11f2d3ca66ad3e59/melon/resize/282/quality/80/optimize,Dreams Come True - SM STATION
10818493,https://cdnimg.melon.co.kr/cm2/album/images/108/18/493/10818493_20211220144202_500.jpg?f138843e4297afd2c1fdd38cbfc4fede/melon/resize/282/quality/80/optimize,그 해 우리는 OST Part.4
10819335,https://cdnimg.melon.co.kr/cm2/album/images/108/19/335/10819335_20211221102616_500.jpg?e63dc1e6d2b85f0d70e00dcb041a4b50/melon/resize/282/quality/80/optimize,너 없이 사는 게 (N번째 연애 X 허각)
10821699,https://cdnimg.melon.co.kr/cm2/album/images/108/21/699/10821699_20231205103724_500.jpg?94428ad48cc1e9a6f6d1cc6f2b69c50a/melon/resize/282/quality/80/optimize,인사
10822898,https://cdnimg.melon.co.kr/cm2/album/images/108/22/898/10822898_20211231134332_500.jpg?1e3ccba43a7dd34134737a26e70dc16b/melon/resize/282/quality/80/optimize,Red Moon : ∞
10823566,https://cdnimg.melon.co.kr/cm2/album/images/108/23/566/10823566_20211224141829_500.jpg?e5f99b6106102087f868a1a2f44f7b91/melon/resize/282/quality/80/optimize,그 해 우리는 OST Part.5
10825879,https://cdnimg.melon.co.kr/cm2/album/images/108/25/879/10825879_20211227164501_500.jpg?3cde3b520fc43b5ce18c45d7028e5855/melon/resize/282/quality/80/optimize,싱어게인2 - 무명가수전 Episode.4
10826239,https://cdnimg.melon.co.kr/cm2/album/images/108/26/239/10826239_20211227203152_500.jpg?e6f400be5e7fb85d57a7a1b14274f73e/melon/resize/282/quality/80/optimize,그 해 우리는 OST Part.6
10827816,https://cdnimg.melon.co.kr/cm2/album/images/108/27/816/10827816_20211229143632_500.jpg?5212701ba136b287d5c446d6f504451f/melon/resize/282/quality/80/optimize,조각집
10827955,https://cdnimg.melon.co.kr/cm2/album/images/108/27/955/10827955_20211229171819_500.jpg?7ca99cbfd1ad4e669f516c9db710023f/melon/resize/282/quality/80/optimize,사랑은 말로 표현하는게 아니래요 (규현 X soundtrack#1)
10830226,https://cdnimg.melon.co.kr/cm2/album/images/108/30/226/10830226_20211231171127_500.jpg?c4219b256d52303bf773968b467cd300/melon/resize/282/quality/80/optimize,FIRST IMPACT
10830791,https://cdnimg.melon.co.kr/cm2/album/images/108/30/791/10830791_20220103153352_500.jpg?9b99f9d3c24e93538e8357bea923d6a3/melon/resize/282/quality/80/optimize,Step Back
10831326,https://cdnimg.melon.co.kr/cm2/album/images/108/31/326/10831326_20220104102210_500.jpg?62acc6aeade1e79e57966d31d6f4ec49/melon/resize/282/quality/80/optimize,스트릿댄스 걸스 파이터 (SGF) Special
10832623,https://cdnimg.melon.co.kr/cm2/album/images/108/32/623/10832623_20220105113756_500.jpg?39706ab99713f08d96769a1da24654bf/melon/resize/282/quality/80/optimize,그렇게 살아가는 것
10836345,https://cdnimg.melon.co.kr/cm2/album/images/108/36/345/10836345_20220107162848_500.jpg?9686f1c76cebf7a35b9705486114f8cf/melon/resize/282/quality/80/optimize,그 해 우리는 OST Part.8
10839365,https://cdnimg.melon.co.kr/cm2/album/images/108/39/365/10839365_20220111190044_500.jpg?85c24a6472174e124ffae8f77da0a578/melon/resize/282/quality/80/optimize,고요해
10842005,https://cdnimg.melon.co.kr/cm2/album/images/108/42/005/10842005_20220114144240_500.jpg?607b403419ab887897b08b9ab3ebab9c/melon/resize/282/quality/80/optimize,호랑수월가
10842079,https://cdnimg.melon.co.kr/cm2/album/images/108/42/079/10842079_20220114154300_500.jpg?8884d288a63387f3f123bf00ca6767ea/melon/resize/282/quality/80/optimize,WHEE
10848667,https://cdnimg.melon.co.kr/cm2/album/images/108/48/667/10848667_20220124140227_500.jpg?b7b8523043babccb8add4a8de852b1db/melon/resize/282/quality/80/optimize,RE:UP
10849216,https://cdnimg.melon.co.kr/cm2/album/images/108/49/216/10849216_20220124182904_500.jpg?1f90174c2c11b270d056a4fe98700c49/melon/resize/282/quality/80/optimize,Because
10849290,https://cdnimg.melon.co.kr/cm2/album/images/108/49/290/10849290_20220124185508_500.jpg?6187f649987782768babda2374445550/melon/resize/282/quality/80/optimize,싱어게인2 - 무명가수전 Episode.8
10853225,https://cdnimg.melon.co.kr/cm2/album/images/108/53/225/10853225_20220126215841_500.jpg?68debe5816145b3fdf32906236b470e3/melon/resize/282/quality/80/optimize,엄마는 아이돌
10854781,https://cdnimg.melon.co.kr/cm2/album/images/108/54/781/10854781_20220127191651_500.jpg?49dedf9501a8693cb16a78954443edf7/melon/resize/282/quality/80/optimize,사랑한다는 말로는 (Feat.주시크 (Joosiq))
10854834,https://cdnimg.melon.co.kr/cm2/album/images/108/54/834/10854834_20220127205144_500.jpg?9de7405434356364d1a506c614759b22/melon/resize/282/quality/80/optimize,Between Sat & Sun
10857450,https://cdnimg.melon.co.kr/cm2/album/images/108/57/450/10857450_20220204143057_500.jpg?3ea986f692e883425e05536abba09bb7/melon/resize/282/quality/80/optimize,강변북로
10863415,https://cdnimg.melon.co.kr/cm2/album/images/108/63/415/10863415_20220210104017_500.jpg?d42e77cf17568da1b6677369a36d06e8/melon/resize/282/quality/80/optimize,Born (本)
10863559,https://cdnimg.melon.co.kr/cm2/album/images/108/63/559/10863559_20220214160739_500.jpg?42c2b52a394ac94dad21d64aec2c577d/melon/resize/282/quality/80/optimize,INVU - The 3rd Album
10865078,https://cdnimg.melon.co.kr/cm2/album/images/108/65/078/10865078_20220211100404_500.jpg?0b593cbf97cb05e5a3b07fa0687b52ce/melon/resize/282/quality/80/optimize,Stay Alive (Prod. SUGA of BTS)
10866019,https://cdnimg.melon.co.kr/cm2/album/images/108/66/019/10866019_20220211171503_500.jpg?21dbfe1a60ba3811daf343e9571cd04a/melon/resize/282/quality/80/optimize,Epik High Is Here 下
10867856,https://cdnimg.melon.co.kr/cm2/album/images/108/67/856/10867856_20220214172729_500.jpg?6c38cf65a980e441a3f13a4527ba3437/melon/resize/282/quality/80/optimize,싱어게인2 - 무명가수전 Episode.10
10873531,https://cdnimg.melon.co.kr/cm2/album/images/108/73/531/10873531_20220221102734_500.jpg?0876b43419693387b02b4875744bc294/melon/resize/282/quality/80/optimize,Be Together
10873811,https://cdnimg.melon.co.kr/cm2/album/images/108/73/811/10873811_20220221141100_500.jpg?854e85f55093e7bad0e6883cbee61da0/melon/resize/282/quality/80/optimize,YOUNG-LUV.COM
10877261,https://cdnimg.melon.co.kr/cm2/album/images/108/77/261/10877261_20220223110341_500.jpg?523dc3f3c8ccd283d6472eafba7f3eac/melon/resize/282/quality/80/optimize,the collective soul and unconscious: chapter one
10880164,https://cdnimg.melon.co.kr/cm2/album/images/108/80/164/10880164_20220225104518_500.jpg?ed3f93a0b2c62e6638e6f36ad4c0ad16/melon/resize/282/quality/80/optimize,DEMOTAPE
10880598,https://cdnimg.melon.co.kr/cm2/album/images/108/80/598/10880598_20220225151904_500.jpg?a3ae7f23e8f1c8ca42808c6042740e2f/melon/resize/282/quality/80/optimize,투명인간의 노래 (유일무이 로맨스 X 디핵 (D-Hack))
10880605,https://cdnimg.melon.co.kr/cm2/album/images/108/80/605/10880605_20220225153355_500.jpg?cbf53c687bcde999703aed295f632383/melon/resize/282/quality/80/optimize,어제처럼
10882605,https://cdnimg.melon.co.kr/cm2/album/images/108/82/605/10882605_20220228151054_500.jpg?9193abbc5f8017932b9ab02dfc9de12f/melon/resize/282/quality/80/optimize,그립고 그립고 그립다
10882606,https://cdnimg.melon.co.kr/cm2/album/images/108/82/606/10882606_20220228151103_500.jpg?c872c9114c1116873764e65ff42a0da5/melon/resize/282/quality/80/optimize,이젠 친구에서 연인이 되고 싶어 (먼데이 키즈 X soundtrack#1)
10885091,https://cdnimg.melon.co.kr/cm2/album/images/108/85/091/10885091_20220304145655_500.jpg?8d9268965c8f9d5dcfe6329eb23dce6e/melon/resize/282/quality/80/optimize,스물다섯 스물하나 OST Part 6
10889981,https://cdnimg.melon.co.kr/cm2/album/images/108/89/981/10889981_20220311110820_500.jpg?281b24fc59e617f3be73ebea48195a9f/melon/resize/282/quality/80/optimize,GANADARA
10890141,https://cdnimg.melon.co.kr/cm2/album/images/108/90/141/10890141_20220311154120_500.jpg?90990ca2f358cfb06e9b76268a41dcdf/melon/resize/282/quality/80/optimize,우린 어떠한 별보다 빛날 거야 (이하이 X soundtrack#1)
10890384,https://cdnimg.melon.co.kr/cm2/album/images/108/90/384/10890384_20220314111504_500.jpg?4b9dba7aeba43a4e0042eedb6b9865c1/melon/resize/282/quality/80/optimize,I NEVER DIE
10893566,https://cdnimg.melon.co.kr/cm2/album/images/108/93/566/10893566_20220317162635_500.jpg?d9684641ada8eb8e1576e58aeb17110a/melon/resize/282/quality/80/optimize,늦은 후회
10894554,https://cdnimg.melon.co.kr/cm2/album/images/108/94/554/10894554_20220321100622_500.jpg?d53e7525c3212538fa0b850bca4e7369/melon/resize/282/quality/80/optimize,‘The ReVe Festival 2022 - Feel My Rhythm’
10894694,https://cdnimg.melon.co.kr/cm2/album/images/108/94/694/10894694_20220321112209_500.jpg?4fa3e822adde33d3c15321a9b6cc0f02/melon/resize/282/quality/80/optimize,DAYDREAM
10895123,https://cdnimg.melon.co.kr/cm2/album/images/108/95/123/10895123_20220321151610_500.jpg?6e0b77fd355783e74f44fa926e8c7697/melon/resize/282/quality/80/optimize,벚꽃이 피면 우리 그만 헤어져
10896317,https://cdnimg.melon.co.kr/cm2/album/images/108/96/317/10896317_20220322193025_500.jpg?4eb4d894fdbe3c91dfb5a8b6a9de1d4f/melon/resize/282/quality/80/optimize,Tea time
10897407,https://cdnimg.melon.co.kr/cm2/album/images/108/97/407/10897407_20220323150744_500.jpg?389545aadd50ead38a260c8438fc5924/melon/resize/282/quality/80/optimize,내가 아니라도
10899429,https://cdnimg.melon.co.kr/cm2/album/images/108/99/429/10899429_20220324225705_500.jpg?1e7f65049098be98afa4cd5c46dc52be/melon/resize/282/quality/80/optimize,스물다섯 스물하나 OST Part 9
10899999,https://cdnimg.melon.co.kr/cm2/album/images/108/99/999/10899999_20220325142736_500.jpg?6586bc676ea67a3eefb24ef8b61e84bc/melon/resize/282/quality/80/optimize,멀어진 만큼 (Distance)
10900052,https://cdnimg.melon.co.kr/cm2/album/images/109/00/052/10900052_20220325144701_500.jpg?bd912da265e655dc8ae12fe01d343de6/melon/resize/282/quality/80/optimize,기상청 사람들 : 사내연애 잔혹사 편 OST Part.8
10901349,https://cdnimg.melon.co.kr/cm2/album/images/109/01/349/10901349_20220328124314_500.jpg?845f2ccad5bbe9df5c76d0b1ed006266/melon/resize/282/quality/80/optimize,Glitch Mode - The 2nd Album
10920765,https://cdnimg.melon.co.kr/cm2/album/images/109/20/765/10920765_20220414141017_500.jpg?4cc5a43c60d6decbc5dee926d4dd7636/melon/resize/282/quality/80/optimize,D-DAY
10920985,https://cdnimg.melon.co.kr/cm2/album/images/109/20/985/10920985_20220414152219_500.jpg?49a9ebe347f61e6a988344dfbb4b9647/melon/resize/282/quality/80/optimize,Love Theory - SM STATION
10922231,https://cdnimg.melon.co.kr/cm2/album/images/109/22/231/10922231_20220527120653_500.jpg?d4668bd274949f814ae2ccadee6f42eb/melon/resize/282/quality/80/optimize,SEVENTEEN 4th Album 'Face the Sun'
10923444,https://cdnimg.melon.co.kr/cm2/album/images/109/23/444/10923444_20220502140600_500.jpg?5bd42dcc031a23cd1cae99ae37a606aa/melon/resize/282/quality/80/optimize,IM HERO
10926502,https://cdnimg.melon.co.kr/cm2/album/images/109/26/502/10926502_20220420071020_500.jpg?8c6377ae72a311f6c1d593c757d1361b/melon/resize/282/quality/80/optimize,Seoul
10929042,https://cdnimg.melon.co.kr/cm2/album/images/109/29/042/10929042_20220422022623_500.jpg?8d1d3b214cb89d61665d228cca3fcd2b/melon/resize/282/quality/80/optimize,살기 위해서
10929434,https://cdnimg.melon.co.kr/cm2/album/images/109/29/434/10929434_20220422143219_500.jpg?2f287557d76b76003ff04b0ff68166a4/melon/resize/282/quality/80/optimize,자가격리
10929466,https://cdnimg.melon.co.kr/cm2/album/images/109/29/466/10929466_20220422145303_500.jpg?e4c7b26f1de4beb9834031fb77f297f4/melon/resize/282/quality/80/optimize,우리들의 블루스 OST Part 4
10929874,https://cdnimg.melon.co.kr/cm2/album/images/109/29/874/10929874_20220422192245_500.jpg?728e83ad1b5c29045f82f621ebbb9726/melon/resize/282/quality/80/optimize,손편지
10932098,https://cdnimg.melon.co.kr/cm2/album/images/109/32/098/10932098_20220426110407_500.jpg?effdf21776e90b99cc1ff0bff53b7e24/melon/resize/282/quality/80/optimize,SHAPE of LOVE
10937474,https://cdnimg.melon.co.kr/cm2/album/images/109/37/474/10937474_20220428225312_500.jpg?cbc115ca0a2db2fed082e94f5862e8bd/melon/resize/282/quality/80/optimize,싸다9
10939984,https://cdnimg.melon.co.kr/cm2/album/images/109/39/984/10939984_20220502174232_500.jpg?178d8d48b849c4b42ada8e4d9355c564/melon/resize/282/quality/80/optimize,눈에 넣어도
10943238,https://cdnimg.melon.co.kr/cm2/album/images/109/43/238/10943238_20220504165636_500.jpg?ba33aefcc8a0d1ef44782ed8db45267e/melon/resize/282/quality/80/optimize,반복 (회귀했더니 공작 X Kid Wine)
10944924,https://cdnimg.melon.co.kr/cm2/album/images/109/44/924/10944924_20220506152410_500.jpg?3d6373743b3bf5314e78cdb9d4a5c398/melon/resize/282/quality/80/optimize,우리들의 블루스 OST Part 6
10946688,https://cdnimg.melon.co.kr/cm2/album/images/109/46/688/10946688_20220509134858_500.jpg?63324edfd39d054ac203d83de54d8f80/melon/resize/282/quality/80/optimize,minisode 2: Thursday's Child
10947409,https://cdnimg.melon.co.kr/cm2/album/images/109/47/409/10947409_20220510101604_500.jpg?8f28f0d9e3c456d1357bdfe9807b6ddf/melon/resize/282/quality/80/optimize,잔나비 소곡집 ll : 초록을거머쥔우리는
10954279,https://cdnimg.melon.co.kr/cm2/album/images/109/54/279/10954279_20220527162320_500.jpg?40c72e247e2f8ed5bb5301085d420cbf/melon/resize/282/quality/80/optimize,WSG워너비 조별경연
10955743,https://cdnimg.melon.co.kr/cm2/album/images/109/55/743/10955743_20220516141152_500.jpg?3c599bbbb80f040dac50aa27e17c3865/melon/resize/282/quality/80/optimize,Season Note
10963551,https://cdnimg.melon.co.kr/cm2/album/images/109/63/551/10963551_20220520121715_500.jpg?ae3d224044af2a4f040717f4a951c41f/melon/resize/282/quality/80/optimize,TOYSTORY3
10963816,https://cdnimg.melon.co.kr/cm2/album/images/109/63/816/10963816_20220520161058_500.jpg?ee2cd704a8b1e08f65368fdf22033591/melon/resize/282/quality/80/optimize,우리들의 블루스 OST Part 9
10969893,https://cdnimg.melon.co.kr/cm2/album/images/109/69/893/10969893_20220530105316_500.jpg?8ce157683cd19da5a454e33658107d29/melon/resize/282/quality/80/optimize,Beatbox - The 2nd Album Repackage
10973216,https://cdnimg.melon.co.kr/cm2/album/images/109/73/216/10973216_20220531214225_500.jpg?a2844b9e73100878c241729f361759d7/melon/resize/282/quality/80/optimize,Op.22 Y-Waltz : in Major
10974905,https://cdnimg.melon.co.kr/cm2/album/images/109/74/905/10974905_20220603112351_500.jpg?e990aff3c439fe0e03f559488644453f/melon/resize/282/quality/80/optimize,바달∘☽ (OceanooM)
10979115,https://cdnimg.melon.co.kr/cm2/album/images/109/79/115/10979115_20220609103712_500.jpg?940175cb70f64fab360272651644f78a/melon/resize/282/quality/80/optimize,낭만
10980018,https://cdnimg.melon.co.kr/cm2/album/images/109/80/018/10980018_20220610121447_500.jpg?9f1fab5ee5aa40ece6c9712685c6a008/melon/resize/282/quality/80/optimize,고백하는 취한밤에
10982125,https://cdnimg.melon.co.kr/cm2/album/images/109/82/125/10982125_20220614100946_500.jpg?71a298ff1e42355721734ccc7235dfb4/melon/resize/282/quality/80/optimize,LOVE&LOVE
10982213,https://cdnimg.melon.co.kr/cm2/album/images/109/82/213/10982213_20220614102556_500.jpg?1709631a709afedd3507ed46f8b8c211/melon/resize/282/quality/80/optimize,Star
10985927,https://cdnimg.melon.co.kr/cm2/album/images/109/85/927/10985927_20220617184603_500.jpg?8bbc7fa35e4f3aa3d32e5ff31f8de443/melon/resize/282/quality/80/optimize,DOUBLAST
10986232,https://cdnimg.melon.co.kr/cm2/album/images/109/86/232/10986232_20220620110206_500.jpg?68bebe238789ebbe08ab72a1bbed454b/melon/resize/282/quality/80/optimize,Take Me
10990288,https://cdnimg.melon.co.kr/cm2/album/images/109/90/288/10990288_20220623223635_500.jpg?4e845cec67f9c1dbb577f0f1a29f9eac/melon/resize/282/quality/80/optimize,환혼 OST Part 1
10991051,https://cdnimg.melon.co.kr/cm2/album/images/109/91/051/10991051_20220627102528_500.jpg?a7f5e04b76ef1d424285536becfd1526/melon/resize/282/quality/80/optimize,ALONE
10991127,https://cdnimg.melon.co.kr/cm2/album/images/109/91/127/10991127_20220627110127_500.jpg?f95938827154ee4beb507d6abacfcce9/melon/resize/282/quality/80/optimize,from our Memento Box
10993611,https://cdnimg.melon.co.kr/cm2/album/images/109/93/611/10993611_20220629102946_500.jpg?57019128ccc54c172cd27d3230f1637c/melon/resize/282/quality/80/optimize,열이올라요 (Heart Burn)
10993967,https://cdnimg.melon.co.kr/cm2/album/images/109/93/967/10993967_20220629141109_500.jpg?736e6103722fce4db4874e0f96ab9147/melon/resize/282/quality/80/optimize,내가 그댈
10994301,https://cdnimg.melon.co.kr/cm2/album/images/109/94/301/10994301_20220629173107_500.jpg?78a4f265d798ba0333f3f620baba38ea/melon/resize/282/quality/80/optimize,내 눈물이 하는 말 (웹툰 '연애의 발견' X 황치열)
10994338,https://cdnimg.melon.co.kr/cm2/album/images/109/94/338/10994338_20220629174511_500.jpg?b9dd7d3eb0bc76e87ec6c0f688c64155/melon/resize/282/quality/80/optimize,비 오는 날 듣기 좋은 노래
10995224,https://cdnimg.melon.co.kr/cm2/album/images/109/95/224/10995224_20220701103349_500.jpg?c66df81d7505322638bb69e1dfbb0858/melon/resize/282/quality/80/optimize,할 것 Remix
10995477,https://cdnimg.melon.co.kr/cm2/album/images/109/95/477/10995477_20220701165440_500.jpg?efdbc59fa40108e58ae72d3747be01ba/melon/resize/282/quality/80/optimize,5.3
10998168,https://cdnimg.melon.co.kr/cm2/album/images/109/98/168/10998168_20220706102119_500.jpg?362e2a92ab587ffe4d24d47b3afc6a39/melon/resize/282/quality/80/optimize,The 2nd Mini Album 'Summer Vibe'
10999428,https://cdnimg.melon.co.kr/cm2/album/images/109/99/428/10999428_20220718113528_500.jpg?fc9af86d5f1903db00e1ef04c04e23ad/melon/resize/282/quality/80/optimize,SEVENTEEN 4th Album Repackage ‘SECTOR 17'
11000171,https://cdnimg.melon.co.kr/cm2/album/images/110/00/171/11000171_20220708163659_500.jpg?9f653a625ba9b4bbe1f0fbd93d0e5146/melon/resize/282/quality/80/optimize,WSG워너비 1집
11001347,https://cdnimg.melon.co.kr/cm2/album/images/110/01/347/11001347_20220711164254_500.jpg?af87f8b91ef087302e7b110d64a5acd7/melon/resize/282/quality/80/optimize,스티커 사진
11004585,https://cdnimg.melon.co.kr/cm2/album/images/110/04/585/11004585_20220713162531_500.jpg?c1f704d72e2a58b9bdaa5b846625f527/melon/resize/282/quality/80/optimize,우리가 있어
11004992,https://cdnimg.melon.co.kr/cm2/album/images/110/04/992/11004992_20220722175827_500.jpg?7925173e004f56f8d081fdec56fbaa15/melon/resize/282/quality/80/optimize,CHECKMATE
11008344,https://cdnimg.melon.co.kr/cm2/album/images/110/08/344/11008344_20220727145303_500.jpg?11b624084e682c6a0b0cd165f32fab24/melon/resize/282/quality/80/optimize,Grown Ass Kid
11009588,https://cdnimg.melon.co.kr/cm2/album/images/110/09/588/11009588_20220719185912_500.jpg?ebfaa8468f9036857f684650235fba32/melon/resize/282/quality/80/optimize,나빌레라
11011565,https://cdnimg.melon.co.kr/cm2/album/images/110/11/565/11011565_20220801102637_500.jpg?1d674a44faffa0ebd34d86c182463171/melon/resize/282/quality/80/optimize,NewJeans 1st EP 'New Jeans'
11012333,https://cdnimg.melon.co.kr/cm2/album/images/110/12/333/11012333_20220722171249_500.jpg?61519e1206586a7f280de2f0444bd8f0/melon/resize/282/quality/80/optimize,YOUTH
11020183,https://cdnimg.melon.co.kr/cm2/album/images/110/20/183/11020183_20220802152333_500.jpg?b53842eac8609e844c5a01b1d87de84d/melon/resize/282/quality/80/optimize,사랑이 불어오나 봐
11023572,https://cdnimg.melon.co.kr/cm2/album/images/110/23/572/11023572_20220805140858_500.jpg?8386a42c9c3c2549e6ad6f9a76d8668f/melon/resize/282/quality/80/optimize,사랑한다고 말해줘
11023839,https://cdnimg.melon.co.kr/cm2/album/images/110/23/839/11023839_20220805160725_500.jpg?b65c41b83f8b095a5fb49f1a32895c41/melon/resize/282/quality/80/optimize,눈을 감으면
11029030,https://cdnimg.melon.co.kr/cm2/album/images/110/29/030/11029030_20220812105653_500.jpg?6cc97ff26199cfb081cd223831749be7/melon/resize/282/quality/80/optimize,통화연결음
11031803,https://cdnimg.melon.co.kr/cm2/album/images/110/31/803/11031803_20220817140718_500.jpg?2d5df94ca142e6d80074a286b4880bc2/melon/resize/282/quality/80/optimize,잠수이별
11032012,https://cdnimg.melon.co.kr/cm2/album/images/110/32/012/11032012_20220817154004_500.jpg?1c4d302f635f348f31696672becaf556/melon/resize/282/quality/80/optimize,Forever Only - SM STATION : NCT LAB
11032257,https://cdnimg.melon.co.kr/cm2/album/images/110/32/257/11032257_20220817181732_500.jpg?63a24dc6066000a0cc40d668f414347d/melon/resize/282/quality/80/optimize,Bite
11032811,https://cdnimg.melon.co.kr/cm2/album/images/110/32/811/11032811_20220818151200_500.jpg?bf4d294fa963ee67bd587fc1f35adcc8/melon/resize/282/quality/80/optimize,연애의 발명 (웹툰 '연애의 발견' X BIG Naughty (서동현))
11034298,https://cdnimg.melon.co.kr/cm2/album/images/110/34/298/11034298_20220822101843_500.jpg?d34a229786bda1750cf7718abdc6b869/melon/resize/282/quality/80/optimize,After LIKE
11036283,https://cdnimg.melon.co.kr/cm2/album/images/110/36/283/11036283_20220823181214_500.jpg?f48b6b6e3177a27e9b05ba2ad56d7799/melon/resize/282/quality/80/optimize,유영
11038707,https://cdnimg.melon.co.kr/cm2/album/images/110/38/707/11038707_20220830111547_500.jpg?1601112ee3f0e42615127819ffbc082b/melon/resize/282/quality/80/optimize,Gasoline - The 2nd Album
11040110,https://cdnimg.melon.co.kr/cm2/album/images/110/40/110/11040110_20220829155908_500.jpg?97c847a66a2ff439d035d2b2d3c535cf/melon/resize/282/quality/80/optimize,비밀번호 486
11045985,https://cdnimg.melon.co.kr/cm2/album/images/110/45/985/11045985_20220905151107_500.jpg?0b94bb1efdeeb5fd7a1c6371ebe0746e/melon/resize/282/quality/80/optimize,스트릿 맨 파이터(SMF) Original Vol.3 (계급미션)
11050288,https://cdnimg.melon.co.kr/cm2/album/images/110/50/288/11050288_20220907173347_500.jpg?3ea9d7461dda08723acd1ed9a8d870e5/melon/resize/282/quality/80/optimize,술이 뭐길래
11052796,https://cdnimg.melon.co.kr/cm2/album/images/110/52/796/11052796_20220913151720_500.jpg?0bac8bf6482be2c3dfb790de7cc147f2/melon/resize/282/quality/80/optimize,달
11056832,https://cdnimg.melon.co.kr/cm2/album/images/110/56/832/11056832_20220915150210_500.jpg?2ba2c8a3e870df097060f0bbac4257b2/melon/resize/282/quality/80/optimize,질주 (2 Baddies) - The 4th Album
11057545,https://cdnimg.melon.co.kr/cm2/album/images/110/57/545/11057545_20221021124737_500.jpg?cb464fb584ef9bcbe1a7f8f2201d8273/melon/resize/282/quality/80/optimize,Monologue
11062828,https://cdnimg.melon.co.kr/cm2/album/images/110/62/828/11062828_20220923105240_500.jpg?2935d0a2f352cd9a46f1b92a5eb0e64f/melon/resize/282/quality/80/optimize,삼남매가 용감하게 OST Part.1
11067591,https://cdnimg.melon.co.kr/cm2/album/images/110/67/591/11067591_20220929100834_500.jpg?1e34d72d2988df58ecb2a834548ccd0c/melon/resize/282/quality/80/optimize,FIVE SENSES
11067688,https://cdnimg.melon.co.kr/cm2/album/images/110/67/688/11067688_20220929104918_500.jpg?4dcab8a85dc6b5737f00ff285be2a9cf/melon/resize/282/quality/80/optimize,X
11073603,https://cdnimg.melon.co.kr/cm2/album/images/110/73/603/11073603_20221007170204_500.jpg?33c0404ea58dec6392bf94134304cc42/melon/resize/282/quality/80/optimize,그래서 그대는
11077309,https://cdnimg.melon.co.kr/cm2/album/images/110/77/309/11077309_20221025140259_500.jpg?6a4a734f268c9c6099564fbea45d4f48/melon/resize/282/quality/80/optimize,그리고
11078170,https://cdnimg.melon.co.kr/cm2/album/images/110/78/170/11078170_20221014101731_500.jpg?f6a12657069b4e0864156e6a549a94bb/melon/resize/282/quality/80/optimize,ERROR
11078313,https://cdnimg.melon.co.kr/cm2/album/images/110/78/313/11078313_20221014134130_500.jpg?824f0931d8ebad97ee26c955c9f9eac0/melon/resize/282/quality/80/optimize,MaRz&B
11078852,https://cdnimg.melon.co.kr/cm2/album/images/110/78/852/11078852_20221017102947_500.jpg?3afd315fe8957d40a511b9c42aeaf516/melon/resize/282/quality/80/optimize,I love
11078891,https://cdnimg.melon.co.kr/cm2/album/images/110/78/891/11078891_20221018102054_500.jpg?7b911660fb70af27a11a4c733d5499d8/melon/resize/282/quality/80/optimize,꽃zip2
11082167,https://cdnimg.melon.co.kr/cm2/album/images/110/82/167/11082167_20221021183715_500.jpg?5ffaa1c002c2485361b6897e7d8e513b/melon/resize/282/quality/80/optimize,오늘 밤이 지나면
11082361,https://cdnimg.melon.co.kr/cm2/album/images/110/82/361/11082361_20221020181457_500.jpg?631029cb327e67db43582ac46aca3dd6/melon/resize/282/quality/80/optimize,World Peace Project Vol.2
11083731,https://cdnimg.melon.co.kr/cm2/album/images/110/83/731/11083731_20221021175455_500.jpg?84a67c67a4c54b9bf439e12483277edf/melon/resize/282/quality/80/optimize,YOUTH
11089306,https://cdnimg.melon.co.kr/cm2/album/images/110/89/306/11089306_20221027180133_500.jpg?ecd2d32eb2edcbf73b8c4845df5265cf/melon/resize/282/quality/80/optimize,Acid Angel from Asia <ACCESS>
11096576,https://cdnimg.melon.co.kr/cm2/album/images/110/96/576/11096576_20221107164354_500.jpg?8d397f6883cf5a324db3017bf87c8326/melon/resize/282/quality/80/optimize,Everything
11096952,https://cdnimg.melon.co.kr/cm2/album/images/110/96/952/11096952_20221108105049_500.jpg?805a8133bd6103f00509a2fabdf39a48/melon/resize/282/quality/80/optimize,ETERNAL
11098516,https://cdnimg.melon.co.kr/cm2/album/images/110/98/516/11098516_20221109105259_500.jpg?99539918d8701934459546b5d53ecd4b/melon/resize/282/quality/80/optimize,압구정로데오
11106049,https://cdnimg.melon.co.kr/cm2/album/images/111/06/049/11106049_20221118180044_500.jpg?e311166a6f1c8ac79443abc2a33f66b2/melon/resize/282/quality/80/optimize,Groove Missing
11109040,https://cdnimg.melon.co.kr/cm2/album/images/111/09/040/11109040_20221123174327_500.jpg?3b85343a8fc2f0e338dfa4fd60f75442/melon/resize/282/quality/80/optimize,그만 잊자
11110911,https://cdnimg.melon.co.kr/cm2/album/images/111/10/911/11110911_20221125150312_500.jpg?a8e6128323b24e5a0c2be07ec78cf57d/melon/resize/282/quality/80/optimize,‘The ReVe Festival 2022 - Birthday’
11112312,https://cdnimg.melon.co.kr/cm2/album/images/111/12/312/11112312_20221129115017_500.jpg?d4ace5000519ada3e54db275ddab35a1/melon/resize/282/quality/80/optimize,MOVE AGAIN
11114375,https://cdnimg.melon.co.kr/cm2/album/images/111/14/375/11114375_20221201105014_500.jpg?b29aacb3a6a25c26767237556bf84330/melon/resize/282/quality/80/optimize,사내[MAN]
11114916,https://cdnimg.melon.co.kr/cm2/album/images/111/14/916/11114916_20221202094043_500.jpg?0538e9e3bdc5ed193c788f73dec81523/melon/resize/282/quality/80/optimize,Indigo
11115007,https://cdnimg.melon.co.kr/cm2/album/images/111/15/007/11115007_20221202105416_500.jpg?2e44bda9ffad785b4fae046ee61263dd/melon/resize/282/quality/80/optimize,쇼미더머니 11 Episode 1
11117563,https://cdnimg.melon.co.kr/cm2/album/images/111/17/563/11117563_20221206165455_500.jpg?f15ea284c531061ed0ac5f79bde6b931/melon/resize/282/quality/80/optimize,C9 Single Album '2022 C9 Christmas'
11117614,https://cdnimg.melon.co.kr/cm2/album/images/111/17/614/11117614_20221206180327_500.jpg?5ca4918afab39fff39de5d9ca72cc773/melon/resize/282/quality/80/optimize,Winter Songs
11118607,https://cdnimg.melon.co.kr/cm2/album/images/111/18/607/11118607_20221207181913_500.jpg?1c4664bc1354b83a8bf1709fff171459/melon/resize/282/quality/80/optimize,부러우면 지는 거
11119617,https://cdnimg.melon.co.kr/cm2/album/images/111/19/617/11119617_20221208182857_500.jpg?abef8f3de0dbef5a126dcffa7fb7cf77/melon/resize/282/quality/80/optimize,쇼미더머니 11 Episode 2
11120045,https://cdnimg.melon.co.kr/cm2/album/images/111/20/045/11120045_20221209143454_500.jpg?67ba7442859101441c1359f8a5034e16/melon/resize/282/quality/80/optimize,그 겨울이 잠든 거리에서 (경서예지 x 전건호)
11124139,https://cdnimg.melon.co.kr/cm2/album/images/111/24/139/11124139_20221215162633_500.jpg?ee6ba2550897be6fa3f7dd3ef55b05cb/melon/resize/282/quality/80/optimize,Candy - Winter Special Mini Album
11125247,https://cdnimg.melon.co.kr/cm2/album/images/111/25/247/11125247_20221216121651_500.jpg?3462fcc7bc4699d5b0ef8611a656fa32/melon/resize/282/quality/80/optimize,쇼미더머니 11 Episode 3
11128718,https://cdnimg.melon.co.kr/cm2/album/images/111/28/718/11128718_20221220160305_500.jpg?c5cf7d60ad3a06ea3f4ad3f034ff3aef/melon/resize/282/quality/80/optimize,바다를 건너
11128774,https://cdnimg.melon.co.kr/cm2/album/images/111/28/774/11128774_20221220164233_500.jpg?126459afc509b5592382c747f787ee4d/melon/resize/282/quality/80/optimize,Say I Love You (Re : WIND 4MEN Vol.04)
11128810,https://cdnimg.melon.co.kr/cm2/album/images/111/28/810/11128810_20221220171354_500.jpg?cb4b4e3d3cfbd2e3b89c68337c406663/melon/resize/282/quality/80/optimize,Fairy Tale
11128871,https://cdnimg.melon.co.kr/cm2/album/images/111/28/871/11128871_20221220204430_500.jpg?91a868a0b4e2c9e8fc82d179819698a3/melon/resize/282/quality/80/optimize,딩고와 키카코 하우스 첫번째
11129861,https://cdnimg.melon.co.kr/cm2/album/images/111/29/861/11129861_20221222155738_500.jpg?8781dc25f1a26fbfa7a8d7295a5cb63c/melon/resize/282/quality/80/optimize,쇼미더머니 11 Semi Final
11131342,https://cdnimg.melon.co.kr/cm2/album/images/111/31/342/11131342_20221226155509_500.jpg?07afb5b68db2cc41bb04337e2ab7ae14/melon/resize/282/quality/80/optimize,"나의 모든 이들에게,"
11134114,https://cdnimg.melon.co.kr/cm2/album/images/111/34/114/11134114_20221229102948_500.jpg?1c35def5acb8628a616fa2ead7b74e26/melon/resize/282/quality/80/optimize,더 글로리 OST Part 1
11135450,https://cdnimg.melon.co.kr/cm2/album/images/111/35/450/11135450_20221230112531_500.jpg?1b9fe84af341cba1c1df2036ab4637e6/melon/resize/282/quality/80/optimize,쇼미더머니 11 Final
11135505,https://cdnimg.melon.co.kr/cm2/album/images/111/35/505/11135505_20221230114538_500.jpg?5f4b0537e4f8b513211d6067f714a0c6/melon/resize/282/quality/80/optimize,웃는거야
11140753,https://cdnimg.melon.co.kr/cm2/album/images/111/40/753/11140753_20230105184934_500.jpg?ca4c8dacd0c73d51d773493aa01c4494/melon/resize/282/quality/80/optimize,딩고와 키카코 하우스 두번째
11141889,https://cdnimg.melon.co.kr/cm2/album/images/111/41/889/11141889_20230106190700_500.jpg?11c9286c6d1f2bcfbba8916efa7d8ef4/melon/resize/282/quality/80/optimize,REASON
11150702,https://cdnimg.melon.co.kr/cm2/album/images/111/50/702/11150702_20230117135140_500.jpg?d526b21c6a29f19abc3bbed10aa574a6/melon/resize/282/quality/80/optimize,사랑의 이해 OST Part.5
11154383,https://cdnimg.melon.co.kr/cm2/album/images/111/54/383/11154383_20230120160612_500.jpg?45aaae083c0a504f4fed4190d3b92ed1/melon/resize/282/quality/80/optimize,혼잣말 獨白
11158153,https://cdnimg.melon.co.kr/cm2/album/images/111/58/153/11158153_20230126154403_500.jpg?2ad0d166efc7082a8e640d2fa2d45d9f/melon/resize/282/quality/80/optimize,이름의 장: TEMPTATION
11158641,https://cdnimg.melon.co.kr/cm2/album/images/111/58/641/11158641_20230130141206_500.jpg?8780fef05e32153af6a73c2d5dcfcc95/melon/resize/282/quality/80/optimize,Ay-Yo - The 4th Album Repackage
11158680,https://cdnimg.melon.co.kr/cm2/album/images/111/58/680/11158680_20230126215913_500.jpg?12116c7d293e707d160fdd47b08ba92b/melon/resize/282/quality/80/optimize,미스터트롯2 1:1 데스매치 베스트 PART2
11158682,https://cdnimg.melon.co.kr/cm2/album/images/111/58/682/11158682_20230126220324_500.jpg?875cfe8cc86519b0c3c0177fd3cc2c14/melon/resize/282/quality/80/optimize,그댈 위한 노래
11159044,https://cdnimg.melon.co.kr/cm2/album/images/111/59/044/11159044_20230127150335_500.jpg?5090ba9b1fdda8c2b2ccf80709042c30/melon/resize/282/quality/80/optimize,너라서 다 좋았나 봐
11160546,https://cdnimg.melon.co.kr/cm2/album/images/111/60/546/11160546_20230130105052_500.jpg?9cacb1f25fd1067f5b9d3491a7b7ec89/melon/resize/282/quality/80/optimize,헤어졌죠
11165170,https://cdnimg.melon.co.kr/cm2/album/images/111/65/170/11165170_20230214120544_500.jpg?0619c5ac703966bc0cde5402c9100deb/melon/resize/282/quality/80/optimize,Teddy Bear
11165334,https://cdnimg.melon.co.kr/cm2/album/images/111/65/334/11165334_20230202221718_500.jpg?7b84d4a7077358d530b3796136ddaf46/melon/resize/282/quality/80/optimize,미스터트롯2 데스매치 베스트 PART3
11165336,https://cdnimg.melon.co.kr/cm2/album/images/111/65/336/11165336_20230202222045_500.jpg?c64c01e3f2d1efe675afa08181152f0a/melon/resize/282/quality/80/optimize,헤어지던 밤
11166064,https://cdnimg.melon.co.kr/cm2/album/images/111/66/064/11166064_20230203163038_500.jpg?19bfd6fbe478abd5e45a6a14c1aad161/melon/resize/282/quality/80/optimize,Remake 1.0
11166539,https://cdnimg.melon.co.kr/cm2/album/images/111/66/539/11166539_20230207143921_500.jpg?YUV444-90/melon/resize/282,부석순 1st Single Album 'SECOND WIND'
11173138,https://cdnimg.melon.co.kr/cm2/album/images/111/73/138/11173138_20230212224158_500.jpg?e26de40966ea64755d365cf38c7c5590/melon/resize/282/quality/80/optimize,ASSEMBLE
11180361,https://cdnimg.melon.co.kr/cm2/album/images/111/80/361/11180361_20230217170146_500.jpg?00f1286f7fab2dbf07eee2c367403758/melon/resize/282/quality/80/optimize,ONE
11188020,https://cdnimg.melon.co.kr/cm2/album/images/111/88/020/11188020_20230223114923_500.jpg?57d20bb37e8fd98d2b70bf7e69df42a2/melon/resize/282/quality/80/optimize,The Beginning: Cupid
11191359,https://cdnimg.melon.co.kr/cm2/album/images/111/91/359/11191359_20230227182139_500.jpg?2c2e78b510ff60f916f9082a26c17840/melon/resize/282/quality/80/optimize,호프리스 로맨틱
11193196,https://cdnimg.melon.co.kr/cm2/album/images/111/93/196/11193196_20230228155717_500.jpg?6c5d4adf2d18ae82065a12e9d9913737/melon/resize/282/quality/80/optimize,혼자가 아닌 나
11194815,https://cdnimg.melon.co.kr/cm2/album/images/111/94/815/11194815_20230303100153_500.jpg?a15be10b9a5357904f33820c8311a0f9/melon/resize/282/quality/80/optimize,on the street (with J. Cole)
11195201,https://cdnimg.melon.co.kr/cm2/album/images/111/95/201/11195201_20230303144243_500.jpg?66a888284832dd6ff5a4a144256299fe/melon/resize/282/quality/80/optimize,내가 바보라서 그래?
11195272,https://cdnimg.melon.co.kr/cm2/album/images/111/95/272/11195272_20230303154603_500.jpg?dd845518a52a9b1bfce3429dd9520c69/melon/resize/282/quality/80/optimize,사랑해줘요
11197900,https://cdnimg.melon.co.kr/cm2/album/images/111/97/900/11197900_20230307163807_500.jpg?8e8c2203fdda2561564be9d99cc5a34d/melon/resize/282/quality/80/optimize,Archive 01
11198633,https://cdnimg.melon.co.kr/cm2/album/images/111/98/633/11198633_20230309190900_500.jpg?YUV444-90/melon/resize/282/sharpen/0x1,너 하나 빼는 일
11201031,https://cdnimg.melon.co.kr/cm2/album/images/112/01/031/11201031_20230320162256_500.jpg?0efdc75f10d08f633f1c42a5175fa9c4/melon/resize/282/quality/80/optimize,expérgo
11202915,https://cdnimg.melon.co.kr/cm2/album/images/112/02/915/11202915_20230314153749_500.jpg?b8ca7a534006baf38231134479670068/melon/resize/282/quality/80/optimize,사랑의 인사
11206295,https://cdnimg.melon.co.kr/cm2/album/images/112/06/295/11206295_20230317171948_500.jpg?363ba33d85210fca0ba4280c9d96c535/melon/resize/282/quality/80/optimize,봄바람
11207271,https://cdnimg.melon.co.kr/cm2/album/images/112/07/271/11207271_20230330155400_500.jpg?YUV422-90/melon/resize/282/sharpen/0x1,"ACT 1, SCENE 1"
11209488,https://cdnimg.melon.co.kr/cm2/album/images/112/09/488/11209488_20230323115713_500.jpg?42821164c226639eb590ef3b06b686d2/melon/resize/282/quality/80/optimize,Single
11210267,https://cdnimg.melon.co.kr/cm2/album/images/112/10/267/11210267_20230324141141_500.jpg?7114d820e9389115a0c9912214443165/melon/resize/282/quality/80/optimize,바람이 될게
11210425,https://cdnimg.melon.co.kr/cm2/album/images/112/10/425/11210425_20230324155749_500.jpg?eb8b5c9d00c1337db34a07dfa977019a/melon/resize/282/quality/80/optimize,설렘을 말하는
11214411,https://cdnimg.melon.co.kr/cm2/album/images/112/14/411/11214411_20230330163342_500.jpg?a44a4efc5bab060475dc80a1993d2d65/melon/resize/282/quality/80/optimize,ME
11215407,https://cdnimg.melon.co.kr/cm2/album/images/112/15/407/11215407_20230331163856_500.jpg?48a1aa381203461e9022af6f142ce876/melon/resize/282/quality/80/optimize,바보가슴
11215953,https://cdnimg.melon.co.kr/cm2/album/images/112/15/953/11215953_20230403104617_500.jpg?5543683efdc5cd49400e65c315a40696/melon/resize/282/quality/80/optimize,Zero
11217418,https://cdnimg.melon.co.kr/cm2/album/images/112/17/418/11217418_20230406105215_500.jpg?YUV444-90/melon/resize/282/sharpen/0x1,SELF
11217923,https://cdnimg.melon.co.kr/cm2/album/images/112/17/923/11217923_20230405112917_500.jpg?3a0b90fc905740cddb7562d5181b9647/melon/resize/282/quality/80/optimize,BOYS PLANET - ARTIST BATTLE
11219412,https://cdnimg.melon.co.kr/cm2/album/images/112/19/412/11219412_20230421104829_500.jpg?081b070b39e8b27a38425a7e2d06259c/melon/resize/282/quality/80/optimize,D-DAY
11219961,https://cdnimg.melon.co.kr/cm2/album/images/112/19/961/11219961_20230407154724_500.jpg?4f13cb5ac49f53a39e43121f7bbc55c9/melon/resize/282/quality/80/optimize,코인 노래방
11224405,https://cdnimg.melon.co.kr/cm2/album/images/112/24/405/11224405_20230414143309_500.jpg?ea0739c649affa777fe6d3df5d08ef6c/melon/resize/282/quality/80/optimize,사랑.zip
11225395,https://cdnimg.melon.co.kr/cm2/album/images/112/25/395/11225395_20230417142523_500.jpg?57072242490c52c66c687c95de60a082/melon/resize/282/quality/80/optimize,Perfume - The 1st Mini Album
11227284,https://cdnimg.melon.co.kr/cm2/album/images/112/27/284/11227284_20230419120432_500.jpg?521e4abd660ad6e679b747c471e99ab3/melon/resize/282/quality/80/optimize,BOYS PLANET - FINAL TOP9 BATTLE
11229537,https://cdnimg.melon.co.kr/cm2/album/images/112/29/537/11229537_20230421170444_500.jpg?b0e2f161ec26cad6188cec82ec84c735/melon/resize/282/quality/80/optimize,SEVENTEEN 10th Mini Album ‘FML'
11233031,https://cdnimg.melon.co.kr/cm2/album/images/112/33/031/11233031_20230427140957_500.jpg?d15047a34e26d4ce364e4d47a2034cbd/melon/resize/282/quality/80/optimize,물론
11234678,https://cdnimg.melon.co.kr/cm2/album/images/112/34/678/11234678_20230502162327_500.jpg?YUV444-90/melon/resize/282,UNFORGIVEN
11235799,https://cdnimg.melon.co.kr/cm2/album/images/112/35/799/11235799_20230502104633_500.jpg?1a1c9537bd57fe70c9f088f4cac93079/melon/resize/282/quality/80/optimize,WIND AND WISH
11236489,https://cdnimg.melon.co.kr/cm2/album/images/112/36/489/11236489_20230503100241_500.jpg?e5a12cfa3f4f01b69605166111be6758/melon/resize/282/quality/80/optimize,ROSE
11238567,https://cdnimg.melon.co.kr/cm2/album/images/112/38/567/11238567_20230504163757_500.jpg?d0080b451938b54252241418d442d2ed/melon/resize/282/quality/80/optimize,After
11240232,https://cdnimg.melon.co.kr/cm2/album/images/112/40/232/11240232_20230509151820_500.jpg?33713173eb47f6371b513e171f80e2c9/melon/resize/282/quality/80/optimize,I feel
11242802,https://cdnimg.melon.co.kr/cm2/album/images/112/42/802/11242802_20230512092757_500.jpg?e9eda9f931364fbe22fa1fc3425d8dbc/melon/resize/282/quality/80/optimize,The Planet
11243106,https://cdnimg.melon.co.kr/cm2/album/images/112/43/106/11243106_20230512120134_500.jpg?7d7b1aec0d00a15f9f049a9a986da988/melon/resize/282/quality/80/optimize,그날 밤
11243537,https://cdnimg.melon.co.kr/cm2/album/images/112/43/537/11243537_20230512161747_500.jpg?2104f13ed40d7e622bb90deb587ab165/melon/resize/282/quality/80/optimize,5.4 [부동의 첫사랑]
11245245,https://cdnimg.melon.co.kr/cm2/album/images/112/45/245/11245245_20230516164258_500.jpg?4bea540b4e0e75711bbdb50b098f5fda/melon/resize/282/quality/80/optimize,Movie Star
11248085,https://cdnimg.melon.co.kr/cm2/album/images/112/48/085/11248085_20230518184302_500.jpg?24a3f8ffbe026b309161567785b5fc12/melon/resize/282/quality/80/optimize,낭만닥터 김사부 3 OST Part.4
11248636,https://cdnimg.melon.co.kr/cm2/album/images/112/48/636/11248636_20230519152254_500.jpg?6ed9a7f364182a16621a4af3e2b147c5/melon/resize/282/quality/80/optimize,운다 운다
11252408,https://cdnimg.melon.co.kr/cm2/album/images/112/52/408/11252408_20230526114505_500.jpg?42c126caaad3f3bad7ea52e11c94645e/melon/resize/282/quality/80/optimize,혼자 사랑하면 되니까
11257507,https://cdnimg.melon.co.kr/cm2/album/images/112/57/507/11257507_20230602152807_500.jpg?30a5a6759a3c54aa0b3c051484bef379/melon/resize/282/quality/80/optimize,사랑했지만
11258233,https://cdnimg.melon.co.kr/cm2/album/images/112/58/233/11258233_20230605094802_500.jpg?7bf471c22bdec53ff285fa06b18dcbff/melon/resize/282/quality/80/optimize,모래 알갱이
11261503,https://cdnimg.melon.co.kr/cm2/album/images/112/61/503/11261503_20230608180105_500.jpg?68ee2d329637f618bcf5cf91dc419e4c/melon/resize/282/quality/80/optimize,Take Two
11262009,https://cdnimg.melon.co.kr/cm2/album/images/112/62/009/11262009_20230609150557_500.jpg?6e50f333fec799235b4fa61dca06d505/melon/resize/282/quality/80/optimize,나에게 그대만이
11262317,https://cdnimg.melon.co.kr/cm2/album/images/112/62/317/11262317_20230710172603_500.jpg?80afd72eae9bad3ce52aa40ee434409c/melon/resize/282/quality/80/optimize,EXIST - The 7th Album
11267938,https://cdnimg.melon.co.kr/cm2/album/images/112/67/938/11267938_20230616170158_500.jpg?84723155f1c6b8fac2e326d9e71d5ba7/melon/resize/282/quality/80/optimize,잘사니
11268653,https://cdnimg.melon.co.kr/cm2/album/images/112/68/653/11268653_20230717145416_500.jpg?0f4602916c193618da0c3afc99cb159a/melon/resize/282/quality/80/optimize,ISTJ - The 3rd Album
11275674,https://cdnimg.melon.co.kr/cm2/album/images/112/75/674/11275674_20230628160249_500.jpg?04c7d9766a75ec31f30c2cf7c67bc804/melon/resize/282/quality/80/optimize,남자를 몰라 X 먼데이 키즈
11277067,https://cdnimg.melon.co.kr/cm2/album/images/112/77/067/11277067_20230630162222_500.jpg?4d70fe76428eb44620e861b1f193e199/melon/resize/282/quality/80/optimize,킹더랜드 OST Part.3
11277625,https://cdnimg.melon.co.kr/cm2/album/images/112/77/625/11277625_20230703112856_500.jpg?be83ddfcb48f19c82258ee849945f562/melon/resize/282/quality/80/optimize,NOWITZKI
11277698,https://cdnimg.melon.co.kr/cm2/album/images/112/77/698/11277698_20230711173225_500.jpg?e8a2c5b86daf3e8db54ae52ccf1c3e5d/melon/resize/282/quality/80/optimize,A Midsummer NMIXX’s Dream
11277925,https://cdnimg.melon.co.kr/cm2/album/images/112/77/925/11277925_20230703155909_500.jpg?e47b86f973560005091fe6787208b5b1/melon/resize/282/quality/80/optimize,여름을 좋아하는 이유
11279354,https://cdnimg.melon.co.kr/cm2/album/images/112/79/354/11279354_20230704175636_500.jpg?47ff55f3f680fc32e81d5e8a3e948a37/melon/resize/282/quality/80/optimize,여름날 (feat. 하현상)
11280701,https://cdnimg.melon.co.kr/cm2/album/images/112/80/701/11280701_20230705161947_500.jpg?28d731b431e9eba4ed3575f6060ca24d/melon/resize/282/quality/80/optimize,INVITATION (Feat. 개코)
11281456,https://cdnimg.melon.co.kr/cm2/album/images/112/81/456/11281456_20230706180841_500.jpg?adcd1e7bd5800378cd55ef3b7b5ffb8f/melon/resize/282/quality/80/optimize,NewJeans 2nd EP 'Get Up'
11281743,https://cdnimg.melon.co.kr/cm2/album/images/112/81/743/11281743_20230707133836_500.jpg?015899cacc3361d54c796680488a4834/melon/resize/282/quality/80/optimize,잊는 법
11282039,https://cdnimg.melon.co.kr/cm2/album/images/112/82/039/11282039_20230707154005_500.jpg?346796f844f00370ca0804a311b79244/melon/resize/282/quality/80/optimize,"여자는 말 못하고, 남자는 모르는 것들"
11282455,https://cdnimg.melon.co.kr/cm2/album/images/112/82/455/11282455_20230710190519_500.jpg?2da2235ace8c40354f2a77fed9fa19c9/melon/resize/282/quality/80/optimize,새벽 (SIX STORIES)
11290352,https://cdnimg.melon.co.kr/cm2/album/images/112/90/352/11290352_20230720164102_500.jpg?7bf4c3b14cae88f6f139751af9977432/melon/resize/282/quality/80/optimize,Another World
11294303,https://cdnimg.melon.co.kr/cm2/album/images/112/94/303/11294303_20230726153453_500.jpg?42ec4351e9547bca58d5751c779971cf/melon/resize/282/quality/80/optimize,More ROSES
11299744,https://cdnimg.melon.co.kr/cm2/album/images/112/99/744/11299744_20230803174313_500.jpg?77def63b56d2bef5b48d7acd9fe998bb/melon/resize/282/quality/80/optimize,쿠키 영상
11303638,https://cdnimg.melon.co.kr/cm2/album/images/113/03/638/11303638_20230811103847_500.jpg?92b308988cd1521e8bd4d9c2f56768ed/melon/resize/282/quality/80/optimize,Layover
11307424,https://cdnimg.melon.co.kr/cm2/album/images/113/07/424/11307424_20230816163958_500.jpg?bcb89e6b30dca9293436d1d15c1d1d11/melon/resize/282/quality/80/optimize,밤 (Night)
11309190,https://cdnimg.melon.co.kr/cm2/album/images/113/09/190/11309190_20230818161008_500.jpg?93148adc9d3b5622f4c4dca1e429650e/melon/resize/282/quality/80/optimize,Love Lee
11309832,https://cdnimg.melon.co.kr/cm2/album/images/113/09/832/11309832_20230904111501_500.jpg?35e04331d61f54e12a5dee88ad45a75c/melon/resize/282/quality/80/optimize,Get A Guitar
11312709,https://cdnimg.melon.co.kr/cm2/album/images/113/12/709/11312709_20230823154509_500.jpg?599b1e600b6d06feb5c9a5dcfa79b340/melon/resize/282/quality/80/optimize,ASTERUM : The Shape of Things to Come
11312721,https://cdnimg.melon.co.kr/cm2/album/images/113/12/721/11312721_20230908154441_500.jpg?3e1f98115de248602feae30f3dbd564a/melon/resize/282/quality/80/optimize,허용별 프로젝트 #1
11312870,https://cdnimg.melon.co.kr/cm2/album/images/113/12/870/11312870_20230904151837_500.jpg?9de09154437411ae7ffaa3abbc806f05/melon/resize/282/quality/80/optimize,Letters with notes
11315257,https://cdnimg.melon.co.kr/cm2/album/images/113/15/257/11315257_20230829095016_500.jpg?9ecede107f18d795b4e40cea1a242559/melon/resize/282/quality/80/optimize,언젠간 괜찮아질 이야기
11315612,https://cdnimg.melon.co.kr/cm2/album/images/113/15/612/11315612_20230905120657_500.jpg?e9f1ae79ad72f3749b9678e7ebd90027/melon/resize/282/quality/80/optimize,스트릿 우먼 파이터2(SWF2) 계급미션
11316012,https://cdnimg.melon.co.kr/cm2/album/images/113/16/012/11316012_20230830101046_500.jpg?52bbad4118efcdb10a8a212f7283bf84/melon/resize/282/quality/80/optimize,그런 일은
11318042,https://cdnimg.melon.co.kr/cm2/album/images/113/18/042/11318042_20230920101524_500.jpg?f6595f83b72e439bfebd758918bed0ad/melon/resize/282/quality/80/optimize,소품집 Vol.1
11319591,https://cdnimg.melon.co.kr/cm2/album/images/113/19/591/11319591_20230904164843_500.jpg?3f6099d931a88cab9d253ed38e29478f/melon/resize/282/quality/80/optimize,같애 (Feat. SHIRT)
11323044,https://cdnimg.melon.co.kr/cm2/album/images/113/23/044/11323044_20230918120653_500.jpg?96485815b31c83574ba34db820882316/melon/resize/282/quality/80/optimize,기대 - The 2nd Mini Album
11328879,https://cdnimg.melon.co.kr/cm2/album/images/113/28/879/11328879_20231123161107_500.jpg?0ae125adc089b51ee40b5016f2850866/melon/resize/282/quality/80/optimize,ICN > YVR
11329627,https://cdnimg.melon.co.kr/cm2/album/images/113/29/627/11329627_20230919161443_500.jpg?fd77014aa19ed10568818dd3a83e111b/melon/resize/282/quality/80/optimize,이럴거면
11333313,https://cdnimg.melon.co.kr/cm2/album/images/113/33/313/11333313_20230925133348_500.jpg?4e5fe0b404fe6a622663515e720f5052/melon/resize/282/quality/80/optimize,졸업
11333949,https://cdnimg.melon.co.kr/cm2/album/images/113/33/949/11333949_20230925172750_500.jpg?e26ab6a64af202c357954c0f774767f8/melon/resize/282/quality/80/optimize,소년 소녀 연애하다 OST Part 1
11335166,https://cdnimg.melon.co.kr/cm2/album/images/113/35/166/11335166_20230926174212_500.jpg?83c617890ba51cfe8b1a70082d79ed79/melon/resize/282/quality/80/optimize,혼자 왔어요
11339400,https://cdnimg.melon.co.kr/cm2/album/images/113/39/400/11339400_20231005153430_500.jpg?2addc4857da9716c6e117b390864138b/melon/resize/282/quality/80/optimize,Fact Check - The 5th Album
11340391,https://cdnimg.melon.co.kr/cm2/album/images/113/40/391/11340391_20231006154621_500.jpg?a9d796e0e7741171ca8bb1d9afddfc93/melon/resize/282/quality/80/optimize,Do or Die
11343302,https://cdnimg.melon.co.kr/cm2/album/images/113/43/302/11343302_20231012153730_500.jpg?953fb3d52a56444bb7de97134bd740c6/melon/resize/282/quality/80/optimize,이름의 장: FREEFALL
11343906,https://cdnimg.melon.co.kr/cm2/album/images/113/43/906/11343906_20231013104840_500.jpg?a0dc7f17a87c914cf1a37b4c11c64210/melon/resize/282/quality/80/optimize,유리의 성 (Castle of Glass)
11348980,https://cdnimg.melon.co.kr/cm2/album/images/113/48/980/11348980_20231020173557_500.jpg?7693e6cae1f40c5bf4b4d6d88e558015/melon/resize/282/quality/80/optimize,SEVENTEEN 11th Mini Album ‘SEVENTEENTH HEAVEN'
11350321,https://cdnimg.melon.co.kr/cm2/album/images/113/50/321/11350321_20231024163059_500.jpg?6aa4f9fe6983b7715b00ed992f0ef1a5/melon/resize/282/quality/80/optimize,Gum
11351539,https://cdnimg.melon.co.kr/cm2/album/images/113/51/539/11351539_20231026100941_500.jpg?8b96d7fa6e6ad3fd51668bea7de1284f/melon/resize/282/quality/80/optimize,인생은 한번이야
11352514,https://cdnimg.melon.co.kr/cm2/album/images/113/52/514/11352514_20231026160309_500.jpg?8dd476938dc6d496ccb1b88a4f5772c0/melon/resize/282/quality/80/optimize,사랑하는 법을 몰라서 (2023)
11352519,https://cdnimg.melon.co.kr/cm2/album/images/113/52/519/11352519_20231026160513_500.jpg?e3c33b910e51d3cf2df91478372d1802/melon/resize/282/quality/80/optimize,Talk Saxy
11353281,https://cdnimg.melon.co.kr/cm2/album/images/113/53/281/11353281_20231027143056_500.jpg?12ef14975a0e1b366ee19fe20d004ff2/melon/resize/282/quality/80/optimize,여행: 플리(playlist) OST Part.2
11355575,https://cdnimg.melon.co.kr/cm2/album/images/113/55/575/11355575_20231031164136_500.jpg?1e2a52c0a1375db4bba626ff5ee6e75c/melon/resize/282/quality/80/optimize,Screen Time
11356868,https://cdnimg.melon.co.kr/cm2/album/images/113/56/868/11356868_20231101160655_500.jpg?a5ef84cb924de00a728b3c1c08561941/melon/resize/282/quality/80/optimize,The 4th Mini Album 'VERSUS'
11358523,https://cdnimg.melon.co.kr/cm2/album/images/113/58/523/11358523_20231103153003_500.jpg?c9e47a5deb6ca24acafa7639f837022a/melon/resize/282/quality/80/optimize,MELTING POINT
11358660,https://cdnimg.melon.co.kr/cm2/album/images/113/58/660/11358660_20231106102543_500.jpg?6c4a62a90ff640faaa80e7b7d1bc76de/melon/resize/282/quality/80/optimize,사랑하지마 안아주지마
11363599,https://cdnimg.melon.co.kr/cm2/album/images/113/63/599/11363599_20231228161244_500.jpg?YUV444-90/melon/resize/282,Chill Kill - The 3rd Album
11364396,https://cdnimg.melon.co.kr/cm2/album/images/113/64/396/11364396_20231114104345_500.jpg?47a7318b6dbf5c3af71f5d8af344be27/melon/resize/282/quality/80/optimize,지극히 사적인 얘기
11372243,https://cdnimg.melon.co.kr/cm2/album/images/113/72/243/11372243_20231124112852_500.jpg?582f5c751e4e2a9f0fa5d2408ae654af/melon/resize/282/quality/80/optimize,청춘이 버겁다 (Prod. 정동환) (베일드뮤지션 X 이무진 with 화곡동)
11372246,https://cdnimg.melon.co.kr/cm2/album/images/113/72/246/11372246_20231124113259_500.jpg?ec7d2a67da4fa9635ad6f99fcfa80778/melon/resize/282/quality/80/optimize,영화
11372896,https://cdnimg.melon.co.kr/cm2/album/images/113/72/896/11372896_20231127104957_500.jpg?9ecd4c6c7ed241174aa1a5c27c4ba3c6/melon/resize/282/quality/80/optimize,To. X - The 5th Mini Album
11376558,https://cdnimg.melon.co.kr/cm2/album/images/113/76/558/11376558_20231130165245_500.jpg?8d6d9d22aa9fa192c691bdd2346011aa/melon/resize/282/quality/80/optimize,로이킴 X 마이데몬
11377680,https://cdnimg.melon.co.kr/cm2/album/images/113/77/680/11377680_20240115154038_500.jpg?e3db345439c45f4b5530dc9f0aa758f6/melon/resize/282/quality/80/optimize,Fe3O4: BREAK
11381907,https://cdnimg.melon.co.kr/cm2/album/images/113/81/907/11381907_20231211140806_500.jpg?8799bf6184f609df525a36bc00c9a333/melon/resize/282/quality/80/optimize,Merry PLLIstmas
11382496,https://cdnimg.melon.co.kr/cm2/album/images/113/82/496/11382496_20231211180054_500.jpg?01af96989937f238bce45b0e4f00b68f/melon/resize/282/quality/80/optimize,Merry Go Round
11388142,https://cdnimg.melon.co.kr/cm2/album/images/113/88/142/11388142_20231221103335_500.jpg?d4a15619a3bf0a35aae5c404cb72f897/melon/resize/282/quality/80/optimize,Closer Than This
11388535,https://cdnimg.melon.co.kr/cm2/album/images/113/88/535/11388535_20231221164244_500.jpg?aae17b01bc72bfd96729667b4c28679e/melon/resize/282/quality/80/optimize,Be There For Me - Winter Special Single
11390955,https://cdnimg.melon.co.kr/cm2/album/images/113/90/955/11390955_20231228101201_500.jpg?165debe8f53e448e429d7bd9d70308be/melon/resize/282/quality/80/optimize,Dingo X BIG Naughty
11391548,https://cdnimg.melon.co.kr/cm2/album/images/113/91/548/11391548_20231229103157_500.jpg?e3ba607f2495c28b2f213d30ef7ea349/melon/resize/282/quality/80/optimize,1조
11391902,https://cdnimg.melon.co.kr/cm2/album/images/113/91/902/11391902_20240122132041_500.jpg?143edd326c982c0a6438a6204ed5eccd/melon/resize/282/quality/80/optimize,TWS 1st Mini Album ‘Sparkling Blue’
11397942,https://cdnimg.melon.co.kr/cm2/album/images/113/97/942/11397942_20240111152314_500.jpg?c0ee43bf91f68edc4da0c538b1aa9517/melon/resize/282/quality/80/optimize,싱어게인3 - 무명가수전 Episode.12
11400015,https://cdnimg.melon.co.kr/cm2/album/images/114/00/015/11400015_20240116162843_500.jpg?19580558048ce1e85c118a9e04f4f625/melon/resize/282/quality/80/optimize,Yes or No
11400136,https://cdnimg.melon.co.kr/cm2/album/images/114/00/136/11400136_20240116180243_500.jpg?d0316eedf98bf7db3c60b729bbc2290c/melon/resize/282/quality/80/optimize,5.5 [소년]
11402411,https://cdnimg.melon.co.kr/cm2/album/images/114/02/411/11402411_20240118175308_500.jpg?9c39324649da9d0999a24ecce9d68ac1/melon/resize/282/quality/80/optimize,@은영이에게
11402655,https://cdnimg.melon.co.kr/cm2/album/images/114/02/655/11402655_20240129121016_500.jpg?c78f36957ea2f748def29fe988f9518c/melon/resize/282/quality/80/optimize,2
11404142,https://cdnimg.melon.co.kr/cm2/album/images/114/04/142/11404142_20240220141548_500.jpg?70df4fcc0f7fdcbc8ccbaf7e8965a913/melon/resize/282/quality/80/optimize,The Winning
11406439,https://cdnimg.melon.co.kr/cm2/album/images/114/06/439/11406439_20240125115508_500.jpg?da2414f9092dae0893503dbcabb6f087/melon/resize/282/quality/80/optimize,어떤 미래
11407156,https://cdnimg.melon.co.kr/cm2/album/images/114/07/156/11407156_20240219142535_500.jpg?250da6ae7012c2d04c9b47224a10785c/melon/resize/282/quality/80/optimize,EASY
11407250,https://cdnimg.melon.co.kr/cm2/album/images/114/07/250/11407250_20240126113405_500.jpg?a9929ea2fccc22ef3084d18df2c74697/melon/resize/282/quality/80/optimize,널 미워하기로 했어
11408894,https://cdnimg.melon.co.kr/cm2/album/images/114/08/894/11408894_20240130172609_500.jpg?f31ad9d4232425a0c49a475c7a74e8d8/melon/resize/282/quality/80/optimize,현역가왕 준결승 끝장전
11411500,https://cdnimg.melon.co.kr/cm2/album/images/114/11/500/11411500_20240202172143_500.jpg?d3c9e4a74901a0f813cd2582f25c163f/melon/resize/282/quality/80/optimize,하루
11424984,https://cdnimg.melon.co.kr/cm2/album/images/114/24/984/11424984_20240222142756_500.jpg?4cc0fbfcb88f3901e0d5fdc06158718e/melon/resize/282/quality/80/optimize,With YOU-th
11426597,https://cdnimg.melon.co.kr/cm2/album/images/114/26/597/11426597_20240223111139_500.jpg?8e3ea5202cf10a361215cc6763815331/melon/resize/282/quality/80/optimize,날 그만 잊어요
11427101,https://cdnimg.melon.co.kr/cm2/album/images/114/27/101/11427101_20240223153059_500.jpg?5e20b75531776b3636d112029422409a/melon/resize/282/quality/80/optimize,ASTERUM : 134-1
11434328,https://cdnimg.melon.co.kr/cm2/album/images/114/34/328/11434328_20240305161800_500.jpg?23d7132df70e86a8aedf1ad898029b39/melon/resize/282/quality/80/optimize,Full Bloom
11435517,https://cdnimg.melon.co.kr/cm2/album/images/114/35/517/11435517_20240306120237_500.jpg?3f93945a4006e5cdd7022d16058733b2/melon/resize/282/quality/80/optimize,YAINS
11437477,https://cdnimg.melon.co.kr/cm2/album/images/114/37/477/11437477_20240308145614_500.jpg?5e15968d90ccd9535282263d6974ed8a/melon/resize/282/quality/80/optimize,EENIE MEENIE
11444397,https://cdnimg.melon.co.kr/cm2/album/images/114/44/397/11444397_20240318115810_500.jpg?8cb5c0486469bbe05f7dd895ec073d72/melon/resize/282/quality/80/optimize,Fourever
11449119,https://cdnimg.melon.co.kr/cm2/album/images/114/49/119/11449119_20240322152546_500.jpg?3a8f7bbcddcd2a0f37601af7e25ec9e3/melon/resize/282/quality/80/optimize,DREAM( )SCAPE
11450063,https://cdnimg.melon.co.kr/cm2/album/images/114/50/063/11450063_20240325104850_500.jpg?f687677ae4a063410a9322937eee58ac/melon/resize/282/quality/80/optimize,너의 편이 돼 줄게
11450069,https://cdnimg.melon.co.kr/cm2/album/images/114/50/069/11450069_20240325110702_500.jpg?96139e1442ce3ea2eafc2742733b3bb2/melon/resize/282/quality/80/optimize,SUPER REAL ME
11453970,https://cdnimg.melon.co.kr/cm2/album/images/114/53/970/11453970_20240328174727_500.jpg?489eedf0133d14b38386baa5380dd636/melon/resize/282/quality/80/optimize,HAONOAH
11454933,https://cdnimg.melon.co.kr/cm2/album/images/114/54/933/11454933_20240401112612_500.jpg?996d3562579afc0095eaeb9922f43f92/melon/resize/282/quality/80/optimize,minisode 3: TOMORROW
11455285,https://cdnimg.melon.co.kr/cm2/album/images/114/55/285/11455285_20240401151801_500.jpg?03a5b5797abf73e8a0b803d6096f33da/melon/resize/282/quality/80/optimize,청혼하지 않을 이유를 못 찾았어
11456179,https://cdnimg.melon.co.kr/cm2/album/images/114/56/179/11456179_20240617152303_500.jpg?28378f505af0f85e794c78c7bbd1a9eb/melon/resize/282/quality/80/optimize,RIIZING - The 1st Mini Album
11457568,https://cdnimg.melon.co.kr/cm2/album/images/114/57/568/11457568_20240403162951_500.jpg?7d6e5fc2cbea05b29b2f71e6fc5a6c13/melon/resize/282/quality/80/optimize,날씨가 미쳤어 (Our Pie X LUCY)
11459090,https://cdnimg.melon.co.kr/cm2/album/images/114/59/090/11459090_20240405144050_500.jpg?361077ffb3cf580c33b6c3ac5952937d/melon/resize/282/quality/80/optimize,단
11459325,https://cdnimg.melon.co.kr/cm2/album/images/114/59/325/11459325_20240405171054_500.jpg?d0a5cf78d5ff0fd792ede55996016f66/melon/resize/282/quality/80/optimize,선재 업고 튀어 OST Part 1
11465011,https://cdnimg.melon.co.kr/cm2/album/images/114/65/011/11465011_20240415102247_500.jpg?97c1111ff892edd98061aee4b5387da5/melon/resize/282/quality/80/optimize,HOW?
11469495,https://cdnimg.melon.co.kr/cm2/album/images/114/69/495/11469495_20240419182508_500.jpg?34b7c978fb2c306d34e1c00aa391376f/melon/resize/282/quality/80/optimize,청춘의 포말 (YOUTH) - The 1st Album
11472979,https://cdnimg.melon.co.kr/cm2/album/images/114/72/979/11472979_20240424161306_500.jpg?f0eb60f27d75b6ae5c80b2afd6d33e73/melon/resize/282/quality/80/optimize,5.6 [너랑 밤새고 싶어]
11475550,https://cdnimg.melon.co.kr/cm2/album/images/114/75/550/11475550_20240426162400_500.jpg?22d999f7ad8bf112bc32c652a33df3d9/melon/resize/282/quality/80/optimize,눈물의 여왕 OST Special Track
11475964,https://cdnimg.melon.co.kr/cm2/album/images/114/75/964/11475964_20240429102808_500.jpg?6f281bd9140532a1214319c1fe9e086c/melon/resize/282/quality/80/optimize,선재 업고 튀어 OST Part 5
11477689,https://cdnimg.melon.co.kr/cm2/album/images/114/77/689/11477689_20240507151429_500.jpg?da59e0849d54eb7e6ccff961e44f8d70/melon/resize/282/quality/80/optimize,성장 - THE 3RD MINI ALBUM
11477792,https://cdnimg.melon.co.kr/cm2/album/images/114/77/792/11477792_20240430113616_500.jpg?9c972266a7c155670125f971fa1605d0/melon/resize/282/quality/80/optimize,사랑을 하기는 했나 봐
11480216,https://cdnimg.melon.co.kr/cm2/album/images/114/80/216/11480216_20240502162735_500.jpg?3ae338244b95586f59aeaa9a07cd8b5c/melon/resize/282/quality/80/optimize,Happy
11481211,https://cdnimg.melon.co.kr/cm2/album/images/114/81/211/11481211_20240503151321_500.jpg?5252a04948996a1b24ae161ff51b100e/melon/resize/282/quality/80/optimize,온기
11482512,https://cdnimg.melon.co.kr/cm2/album/images/114/82/512/11482512_20240507163129_500.jpg?054d6dd3ebd375632af781e4cf3cd600/melon/resize/282/quality/80/optimize,〈ASSEMBLE24〉
11483959,https://cdnimg.melon.co.kr/cm2/album/images/114/83/959/11483959_20240510102808_500.jpg?1bb29f2e5c8595585a00a5ac59de52c1/melon/resize/282/quality/80/optimize,무슨 일 있었니
11486367,https://cdnimg.melon.co.kr/cm2/album/images/114/86/367/11486367_20240510121216_500.jpg?ec36ba415c0983da8d38dbb17a51bea9/melon/resize/282/quality/80/optimize,미스터로또 베스트 PART48
11487023,https://cdnimg.melon.co.kr/cm2/album/images/114/87/023/11487023_20240527154018_500.jpg?1592e95ebf259717f07c393e684b7395/melon/resize/282/quality/80/optimize,Armageddon - The 1st Album
11487566,https://cdnimg.melon.co.kr/cm2/album/images/114/87/566/11487566_20240513144509_500.jpg?a12103dec5de6bd1c515886d54db09b7/melon/resize/282/quality/80/optimize,선재 업고 튀어 OST Part 8
11505319,https://cdnimg.melon.co.kr/cm2/album/images/115/05/319/11505319_20240624143253_500.jpg?YUV444/melon/resize/282,TWS 2nd Mini Album ‘SUMMER BEAT!’
11506973,https://cdnimg.melon.co.kr/cm2/album/images/115/06/973/11506973_20240607110500_500.jpg?ef0d5be4cff123039f98b87c9701f747/melon/resize/282/quality/80/optimize,동창회 MEGA MIX
11510953,https://cdnimg.melon.co.kr/cm2/album/images/115/10/953/11510953_20240612151757_500.jpg?c221a53b457e24b8335bfed774672dfd/melon/resize/282/quality/80/optimize,Balloon in Love
11525235,https://cdnimg.melon.co.kr/cm2/album/images/115/25/235/11525235_20240628094627_500.jpg?ecd1cfab97d3d91db86e4a5caf1bb9ca/melon/resize/282/quality/80/optimize,MUSE
11545789,https://cdnimg.melon.co.kr/cm2/album/images/115/45/789/11545789_20240719102456_500.jpg?9296218dd0cafc6c26566024f94b8688/melon/resize/282/quality/80/optimize,ATE
11545825,https://cdnimg.melon.co.kr/cm2/album/images/115/45/825/11545825_20240719115006_500.jpg?99ab878d6308a9a09dfbfd325e1988e0/melon/resize/282/quality/80/optimize,웃으며
11559294,https://cdnimg.melon.co.kr/cm2/album/images/115/59/294/11559294_20240805180602_500.jpg?cc99439664a077f390046f55c25e9c9e/melon/resize/282/quality/80/optimize,17
11564698,https://cdnimg.melon.co.kr/cm2/album/images/115/64/698/11564698_20240812100922_500.jpg?YUV444/melon/resize/282,Supersonic
11564752,https://cdnimg.melon.co.kr/cm2/album/images/115/64/752/11564752_20240826150939_500.jpg?9189118c616bcb333efcf93c150e776b/melon/resize/282/quality/80/optimize,J - The 1st Album
11569894,https://cdnimg.melon.co.kr/cm2/album/images/115/69/894/11569894_20240819150849_500.jpg?YUV444/melon/resize/282,도망가자 (소년시절의 너 X 로이킴)
11570634,https://cdnimg.melon.co.kr/cm2/album/images/115/70/634/11570634_20240820095436_500.jpg?1a3e4f84dab6a6dc5cc93348c8a12063/melon/resize/282/quality/80/optimize,Pump Up The Volume!
11573374,https://cdnimg.melon.co.kr/cm2/album/images/115/73/374/11573374_20240822120150_500.jpg?5c487729d00db477d596eb7513523728/melon/resize/282/quality/80/optimize,우리 헤어진 거 맞나요
11579333,https://cdnimg.melon.co.kr/cm2/album/images/115/79/333/11579333_20240919172747_500.jpg?29f711594fb9f200730691f73ede8e12/melon/resize/282/quality/80/optimize,Love Tune
11580088,https://cdnimg.melon.co.kr/cm2/album/images/115/80/088/11580088_20240830112558_500.jpg?YUV444/melon/resize/282,미스터로또 베스트 PART64
11580184,https://cdnimg.melon.co.kr/cm2/album/images/115/80/184/11580184_20240830120437_500.jpg?20cd208f0a05443b36fbead7ae7bc1ac/melon/resize/282/quality/80/optimize,YOUNHA 7th Album 'GROWTH THEORY'
11586147,https://cdnimg.melon.co.kr/cm2/album/images/115/86/147/11586147_20240905170415_500.jpg?8f8fc6c5202dc5ba908d1c70a8ffcea9/melon/resize/282/quality/80/optimize,"Hello, World - The 4th Mini Album"
11588016,https://cdnimg.melon.co.kr/cm2/album/images/115/88/016/11588016_20240924115426_500.jpg?a99516557288d3e11592a569828b3ae6/melon/resize/282/quality/80/optimize,Steady - The 1st Mini Album
11594172,https://cdnimg.melon.co.kr/cm2/album/images/115/94/172/11594172_20240913204840_500.jpg?306d53c2a84f31135feed9dd892de91d/melon/resize/282/quality/80/optimize,면도
11603345,https://cdnimg.melon.co.kr/cm2/album/images/116/03/345/11603345_20240927114551_500.jpg?6d2432240409d9a9e5c3acf0b16ddc16/melon/resize/282/quality/80/optimize,네모네모
11610170,https://cdnimg.melon.co.kr/cm2/album/images/116/10/170/11610170_20241008143002_500.jpg?0cdf873f233a93b55ac580e686f7cace/melon/resize/282/quality/80/optimize,SYNK : PARALLEL LINE - Special Digital Single
11613772,https://cdnimg.melon.co.kr/cm2/album/images/116/13/772/11613772_20241011150204_500.jpg?5ed50eaa853b824ae2b237bed5c828fc/melon/resize/282/quality/80/optimize,나의 해리에게 OST Part.4
11614097,https://cdnimg.melon.co.kr/cm2/album/images/116/14/097/11614097_20241011170723_500.jpg?f3ead936ee19b013c88bb55436e3ead6/melon/resize/282/quality/80/optimize,오늘 노을이 예뻐서
11614469,https://cdnimg.melon.co.kr/cm2/album/images/116/14/469/11614469_20241014104803_500.jpg?884be37b308f32bb03198026cabf3c40/melon/resize/282/quality/80/optimize,SEVENTEEN 12th Mini Album ‘SPILL THE FEELS'
11616599,https://cdnimg.melon.co.kr/cm2/album/images/116/16/599/11616599_20241015164103_500.jpg?84d731d63021e1aa2a57c7ca2b9cb2ca/melon/resize/282/quality/80/optimize,To Heaven
11620540,https://cdnimg.melon.co.kr/cm2/album/images/116/20/540/11620540_20241018183208_500.jpg?e88933ef18e678ee69ac497989368c77/melon/resize/282/quality/80/optimize,Whiplash - The 5th Mini Album
11632009,https://cdnimg.melon.co.kr/cm2/album/images/116/32/009/11632009_20241104105912_500.jpg?0317ef579138cb2aeebe962b36b1ebdf/melon/resize/282/quality/80/optimize,별의 장: SANCTUARY
11640878,https://cdnimg.melon.co.kr/cm2/album/images/116/40/878/11640878_20241113153754_500.jpg?13dfe33b1040f7d3bacb3cc4776acc82/melon/resize/282/quality/80/optimize,YOUNHA 7th Album Repackage ‘GROWTH THEORY : Final Edition’
11644819,https://cdnimg.melon.co.kr/cm2/album/images/116/44/819/11644819_20241119121510_500.jpg?40ea5f0d62a1e46a2e5719c23005f6cd/melon/resize/282/quality/80/optimize,Skrr (feat. 지젤 of aespa)
11655041,https://cdnimg.melon.co.kr/cm2/album/images/116/55/041/11655041_20241129150638_500.jpg?ed52679f96c7849b07cd01c2358a66e2/melon/resize/282/quality/80/optimize,너라는 별
11655056,https://cdnimg.melon.co.kr/cm2/album/images/116/55/056/11655056_20241129152452_500.jpg?YUV444/melon/resize/282,나를 미워하지 말아요
11655184,https://cdnimg.melon.co.kr/cm2/album/images/116/55/184/11655184_20241129155811_500.jpg?6d1fa264532eb122fca55bc266c3ac16/melon/resize/282/quality/80/optimize,그녀가 웃잖아
11663938,https://cdnimg.melon.co.kr/cm2/album/images/116/63/938/11663938_20241211152841_500.jpg?YUV444/melon/resize/282,사랑할 결심
11665814,https://cdnimg.melon.co.kr/cm2/album/images/116/65/814/11665814_20241213163302_500.jpg?YUV444/melon/resize/282,프락치 (Fraktsiya) (Feat. 이영지)
