1,https://cdnimg.melon.co.kr/cm/artistcrop/images/000/00/001/1_500.jpg?fafc0fbf7686a98f09669738d90ba270/melon/resize/416/quality/80/optimize,나훈아
908,https://cdnimg.melon.co.kr/cm2/artistcrop/images/000/00/908/908_20221212134814_500.jpg?b45590deba53960f2e627ce626973753/melon/resize/416/quality/80/optimize,박기영
923,https://cdnimg.melon.co.kr/cm2/artistcrop/images/000/00/923/923_20241209173628_500.jpg?eadb76c8e8391309834db79c119517c3/melon/resize/416/quality/80/optimize,윤도현
1124,https://cdnimg.melon.co.kr/cm/artistcrop/images/000/01/124/1124_500.jpg/melon/resize/416/quality/80/optimize,남진
1130,https://cdnimg.melon.co.kr/cm2/artistcrop/images/000/01/130/1130_20241101152859_500.jpg?8558c5a2d8c562d9dc9a3c7173c4bcc6/melon/resize/416/quality/80/optimize,박진영
1136,https://cdnimg.melon.co.kr/cm/artistcrop/images/000/01/136/1136_500.jpg/melon/resize/416/quality/80/optimize,김진표
1142,https://cdnimg.melon.co.kr/cm2/artistcrop/images/000/01/142/1142_20241129173753_500.jpg?b423bae791454aa2010ec388576979b0/melon/resize/416/quality/80/optimize,임창정
1191,https://cdnimg.melon.co.kr/cm2/artistcrop/images/000/01/191/1191_20241216142932_500.jpg?YUV444/melon/resize/416,박효신
3264,https://cdnimg.melon.co.kr/cm2/artistcrop/images/000/03/264/3264_20250114145304_500.jpg?fc218573dc386534cc5b0509be1f4c4b/melon/resize/416/quality/80/optimize,개코
3305,https://cdnimg.melon.co.kr/cm2/artistcrop/images/000/03/305/3305_20210521133532_500.jpg?447b8ffd96d9bd07af0130321d2f4725/melon/resize/416/quality/80/optimize,성시경
3865,https://cdnimg.melon.co.kr/cm2/artistcrop/images/000/03/865/3865_20220429113018_500.jpg?923f003b67b4e321bbed1fd1815fdb97/melon/resize/416/quality/80/optimize,싸이 (PSY)
3959,https://cdnimg.melon.co.kr/cm2/artistcrop/images/000/03/959/3959_20230112110431_500.jpg?c54b8b0a76794e8d1f29ebf0f6aa8927/melon/resize/416/quality/80/optimize,나얼
5675,https://cdnimg.melon.co.kr/cm2/artistcrop/images/000/05/675/5675_20211122145321_500.jpg?784bdabe90d70cbf81e4b17b18185b7f/melon/resize/416/quality/80/optimize,장혜진
5973,https://cdnimg.melon.co.kr/cm2/artistcrop/images/000/05/973/5973_20241014191927_500.jpg?YUV444/melon/resize/416,조장혁
8433,https://cdnimg.melon.co.kr/cm2/artistcrop/images/000/08/433/8433_20240429110209_500.jpg?33bbbd6aa3be188d67e5814dfce2fe9b/melon/resize/416/quality/80/optimize,김수현
8530,https://cdnimg.melon.co.kr/cm2/artistcrop/images/000/08/530/8530_20241220135335_500.jpg?3bbdfbc74cf1e3042403c931724b1ca3/melon/resize/416/quality/80/optimize,린
10210,https://cdnimg.melon.co.kr/cm2/artistcrop/images/000/10/210/10210_20241218181223_500.jpg?b456968eadede4a5970e6696da89a041/melon/resize/416/quality/80/optimize,이영현
11538,https://cdnimg.melon.co.kr/cm2/artistcrop/images/000/11/538/11538_20210302145957_500.jpg?17be23537da4a3b2b7836acf82c201b9/melon/resize/416/quality/80/optimize,MC몽
13494,https://cdnimg.melon.co.kr/cm2/artistcrop/images/000/13/494/13494_20241104111737_500.jpg?9d2b79de73a360b9c146c740ebf3442d/melon/resize/416/quality/80/optimize,가호 (Gaho)
18199,https://cdnimg.melon.co.kr/cm2/artistcrop/images/000/18/199/18199_20211213171031_500.jpg?45c966bbcb843a57c2f995e5c3b8493a/melon/resize/416/quality/80/optimize,김유정
22836,https://cdnimg.melon.co.kr/cm/artistcrop/images/000/22/836/22836_500.jpg/melon/resize/416/quality/80/optimize,장윤정
22938,https://cdnimg.melon.co.kr/cm2/artistcrop/images/000/22/938/22938_20240604120029_500.jpg?d910c4748939345efe0408eec267b473/melon/resize/416/quality/80/optimize,선미
28772,https://cdnimg.melon.co.kr/cm2/artistcrop/images/000/28/772/28772_20241030111828_500.jpg?15728c6d8eefdb9640b3f9dd5ad361af/melon/resize/416/quality/80/optimize,존박
28801,https://cdnimg.melon.co.kr/cm2/artistcrop/images/000/28/801/28801_20241211101048_500.jpg?882c30cbcdb2ccfaf51626aaf27f23a5/melon/resize/416/quality/80/optimize,허각
30358,https://cdnimg.melon.co.kr/cm2/artistcrop/images/000/30/358/30358_20241216150700_500.jpg?b088bbbc16caef62c597162f85a35950/melon/resize/416/quality/80/optimize,거미 (GUMMY)
42554,https://cdnimg.melon.co.kr/cm2/artistcrop/images/000/42/554/42554_20240710105154_500.jpg?2f0171d3cf049fda1b0576bbce231a3d/melon/resize/416/quality/80/optimize,이홍기 (FT아일랜드)
51893,https://cdnimg.melon.co.kr/cm/artistcrop/images/000/51/893/51893_500.jpg?2681194781217524e6d0bf74b0560091/melon/resize/416/quality/80/optimize,테이
54684,https://cdnimg.melon.co.kr/cm2/artistcrop/images/000/54/684/54684_20241120104843_500.jpg?8725e1d54f7db64b841d60753f8b023c/melon/resize/416/quality/80/optimize,장민호
100022,https://cdnimg.melon.co.kr/cm2/artistcrop/images/001/00/022/100022_20230712103032_500.jpg?c5f8525bb7109a767df426e77a25d2b7/melon/resize/416/quality/80/optimize,코요태
100168,https://cdnimg.melon.co.kr/cm2/artistcrop/images/001/00/168/100168_20241209173608_500.jpg?fe315a0b25064c34578c4187e7931793/melon/resize/416/quality/80/optimize,YB (윤도현 밴드)
100594,https://cdnimg.melon.co.kr/cm2/artistcrop/images/001/00/594/100594_20200910151545_500.jpg?a8b069dcac557300246d07f0c9a54acd/melon/resize/416/quality/80/optimize,부활
100742,https://cdnimg.melon.co.kr/cm/artistcrop/images/001/00/742/100742_500.jpg/melon/resize/416/quality/80/optimize,브라운 아이즈
101871,https://cdnimg.melon.co.kr/cm/artistcrop/images/001/01/871/101871_500.jpg?e86c25843b292ed44e380f00a91dab5f/melon/resize/416/quality/80/optimize,뜨거운 감자
103289,https://cdnimg.melon.co.kr/cm/artistcrop/images/001/03/289/103289_500.jpg/melon/resize/416/quality/80/optimize,리쌍
105623,https://cdnimg.melon.co.kr/cm2/artistcrop/images/001/05/623/105623_20221027140139_500.jpg?fd0eb7f31262514bda2dd3bd8a51103c/melon/resize/416/quality/80/optimize,노을
105803,https://cdnimg.melon.co.kr/cm2/artistcrop/images/001/05/803/105803_20231213095046_500.jpg?1c4a5c3fce5d834c62d6650c66327df4/melon/resize/416/quality/80/optimize,빅마마
108356,https://cdnimg.melon.co.kr/cm2/artistcrop/images/001/08/356/108356_20240621102122_500.jpg?4c56e9b711101ce91e40a72e0c4478d5/melon/resize/416/quality/80/optimize,에픽하이 (EPIK HIGH)
108358,https://cdnimg.melon.co.kr/cm2/artistcrop/images/001/08/358/108358_20230623100948_500.jpg?b7b2b745388ad256f47975e16bdf26a7/melon/resize/416/quality/80/optimize,다이나믹 듀오
108363,https://cdnimg.melon.co.kr/cm2/artistcrop/images/001/08/363/108363_20210716151520_500.jpg?d880381a3da6dcd723b01b1a146a56e8/melon/resize/416/quality/80/optimize,SG 워너비
108988,https://cdnimg.melon.co.kr/cm/artistcrop/images/001/08/988/108988_500.jpg/melon/resize/416/quality/80/optimize,더 넛츠 (The NuTs)
174619,https://cdnimg.melon.co.kr/cm/artistcrop/images/001/74/619/174619_500.jpg/melon/resize/416/quality/80/optimize,조유진 (체리필터)
175155,https://cdnimg.melon.co.kr/cm2/artistcrop/images/001/75/155/175155_20230821164126_500.jpg?d2142a4b163032c1a1b4f235f3214131/melon/resize/416/quality/80/optimize,먼데이 키즈 (Monday Kiz)
176393,https://cdnimg.melon.co.kr/cm2/artistcrop/images/001/76/393/176393_20231020182642_500.jpg?e0fae2b442ffc4144824889908fe09e5/melon/resize/416/quality/80/optimize,제시 (Jessi)
181188,https://cdnimg.melon.co.kr/cm2/artistcrop/images/001/81/188/181188_20210216102842_500.jpg?b39532088b96c9f3fb3e3e426b438e50/melon/resize/416/quality/80/optimize,정동하
184910,https://cdnimg.melon.co.kr/cm2/artistcrop/images/001/84/910/184910_20240715140137_500.jpg?71d9020cb8f7d7ae7554d5fe3e11903e/melon/resize/416/quality/80/optimize,선우정아
192827,https://cdnimg.melon.co.kr/cm2/artistcrop/images/001/92/827/192827_20201103145615_500.jpg?8f92f05a63534c46da14ddaeec691af5/melon/resize/416/quality/80/optimize,어쿠스틱 콜라보
197928,https://cdnimg.melon.co.kr/cm2/artistcrop/images/001/97/928/197928_20240611155416_500.jpg?6add00901558b3aac3cb9211b83bc752/melon/resize/416/quality/80/optimize,짙은
198094,https://cdnimg.melon.co.kr/cm2/artistcrop/images/001/98/094/198094_20220404174645_500.jpg?f888906f38fc98e210d4d7c41009a878/melon/resize/416/quality/80/optimize,BIGBANG (빅뱅)
202530,https://cdnimg.melon.co.kr/cm2/artistcrop/images/002/02/530/202530_20200616093200_500.jpg?1471384d4c345d4ab0d4b6b9a7b39aa8/melon/resize/416/quality/80/optimize,염따
203912,https://cdnimg.melon.co.kr/cm2/artistcrop/images/002/03/912/203912_20241114120625_500.jpg?49f34627ffeeaca60984f667170eca37/melon/resize/416/quality/80/optimize,윤하 (YOUNHA)
205746,https://cdnimg.melon.co.kr/cm2/artistcrop/images/002/05/746/205746_20231211151021_500.jpg?1c2bc1f316227112ea4e628695373986/melon/resize/416/quality/80/optimize,황치열
205858,https://cdnimg.melon.co.kr/cm2/artistcrop/images/002/05/858/205858_20231016151707_500.jpg?c6d7b9318be4bb4fa5a9e5dcf80c6ec8/melon/resize/416/quality/80/optimize,이석훈
205880,https://cdnimg.melon.co.kr/cm2/artistcrop/images/002/05/880/205880_20241127120905_500.jpg?14d0cd196b5e4a8729cda722ea3e8704/melon/resize/416/quality/80/optimize,규현 (KYUHYUN)
205950,https://cdnimg.melon.co.kr/cm2/artistcrop/images/002/05/950/205950_20230112175905_500.jpg?6aa3f87aa5858096c2d0413a58427bfd/melon/resize/416/quality/80/optimize,박창근
222128,https://cdnimg.melon.co.kr/cm2/artistcrop/images/002/22/128/222128_20240716140239_500.jpg?6bca57c98ecfed464b5212df77ccf033/melon/resize/416/quality/80/optimize,카라
225993,https://cdnimg.melon.co.kr/cm2/artistcrop/images/002/25/993/225993_20230428152804_500.jpg?275e85cbf26be01b723c80e51b9d6d08/melon/resize/416/quality/80/optimize,최현준 (V.O.S)
226490,https://cdnimg.melon.co.kr/cm2/artistcrop/images/002/26/490/226490_20240710105036_500.jpg?3328e21d02b4077ae9082d55dbd466f2/melon/resize/416/quality/80/optimize,FTISLAND (FT아일랜드)
227595,https://cdnimg.melon.co.kr/cm2/artistcrop/images/002/27/595/227595_20210217104823_500.jpg?4c62344f52774bf1b98bc5f801e8436d/melon/resize/416/quality/80/optimize,지아
228069,https://cdnimg.melon.co.kr/cm2/artistcrop/images/002/28/069/228069_20220803121250_500.jpg?1e701ec52cd9fd053de6dc8a41f6c997/melon/resize/416/quality/80/optimize,소녀시대 (GIRLS' GENERATION)
236797,https://cdnimg.melon.co.kr/cm2/artistcrop/images/002/36/797/236797_20241114111431_500.jpg?0a1ec8afbba508f483112e4db512d743/melon/resize/416/quality/80/optimize,태연 (TAEYEON)
236815,https://cdnimg.melon.co.kr/cm2/artistcrop/images/002/36/815/236815_20241120113001_500.jpg?4247924b11de1a8d55cbcf5ccc9a5efa/melon/resize/416/quality/80/optimize,다비치
241227,https://cdnimg.melon.co.kr/cm2/artistcrop/images/002/41/227/241227_20220107093945_500.jpg?d4e37315869af11e14f96fd9d5616e12/melon/resize/416/quality/80/optimize,베이식 (Basick)
242988,https://cdnimg.melon.co.kr/cm2/artist/images/002/42/988/242988_20240718103537_500.jpg?b7d31aa957d5501060d8c843c3a362b5/melon/resize/416/quality/80/optimize,정준일
253606,https://cdnimg.melon.co.kr/cm2/artistcrop/images/002/53/606/253606_20240830162943_500.jpg?96f33c82c25adf9c8b0a17d51de6ecfd/melon/resize/416/quality/80/optimize,조정석
254105,https://cdnimg.melon.co.kr/cm2/artistcrop/images/002/54/105/254105_20200707173951_500.jpg?82412439fb5ae815c3aa029749f41b5f/melon/resize/416/quality/80/optimize,KOONTA (쿤타)
261143,https://cdnimg.melon.co.kr/cm2/artistcrop/images/002/61/143/261143_20240228182045_500.jpg?6907454bacbbe9f73304a7ec614bb483/melon/resize/416/quality/80/optimize,아이유
276166,https://cdnimg.melon.co.kr/cm2/artistcrop/images/002/76/166/276166_20220803154452_500.jpg?8243c39dd11c14e5d3a7b1fa11de5b06/melon/resize/416/quality/80/optimize,검정치마
406712,https://cdnimg.melon.co.kr/cm2/artistcrop/images/004/06/712/406712_20240722172633_500.jpg?76f756b02543bcd7f6e1ac8bb2eac045/melon/resize/416/quality/80/optimize,2NE1
418700,https://cdnimg.melon.co.kr/cm2/artistcrop/images/004/18/700/418700_20221202134901_500.jpg?f6f9b96ea146b46b49aacc2b977a36e0/melon/resize/416/quality/80/optimize,홍진영
420527,https://cdnimg.melon.co.kr/cm2/artistcrop/images/004/20/527/420527_20240617100257_500.jpg?acf7447d2029aa20e1291b7c29c89397/melon/resize/416/quality/80/optimize,어반자카파
428803,https://cdnimg.melon.co.kr/cm2/artistcrop/images/004/28/803/428803_20230626180608_500.jpg?31eb8ea3c7b07afe0acd0cc11dbc12a0/melon/resize/416/quality/80/optimize,김연지
436700,https://cdnimg.melon.co.kr/cm2/artistcrop/images/004/36/700/436700_20220614105010_500.jpg?3c2f18ede593d7827d461d3b39edcad6/melon/resize/416/quality/80/optimize,서인국
443420,https://cdnimg.melon.co.kr/cm2/artistcrop/images/004/43/420/443420_20241008132814_500.jpg?0d6c24a71287528a06da3218c641949c/melon/resize/416/quality/80/optimize,박재범
445180,https://cdnimg.melon.co.kr/cm/artistcrop/images/004/45/180/445180_500.jpg?911f27075e64bb2af0403667f275ca7c/melon/resize/416/quality/80/optimize,MJ (써니사이드)
449401,https://cdnimg.melon.co.kr/cm2/artistcrop/images/004/49/401/449401_20240122142026_500.jpg?994109d25207acedae7d2b0326fda602/melon/resize/416/quality/80/optimize,현아
454001,https://cdnimg.melon.co.kr/cm2/artistcrop/images/004/54/001/454001_20250120165300_500.jpg?be9ce76aad858f0cc1a409960e3111e7/melon/resize/416/quality/80/optimize,크루셜스타 (CRUCiAL STAR)
467880,https://cdnimg.melon.co.kr/cm2/artistcrop/images/004/67/880/467880_20220518180745_500.jpg?b74de868c1bbcf34f3c39ee323daaab4/melon/resize/416/quality/80/optimize,스탠딩 에그
468244,https://cdnimg.melon.co.kr/cm2/artistcrop/images/004/68/244/468244_20240424170412_500.jpg?44fb699c3714406ed27937472d31ac29/melon/resize/416/quality/80/optimize,10CM
473181,https://cdnimg.melon.co.kr/cm/artistcrop/images/004/73/181/473181_500.jpg?4c9d7b1e4507c545f98ce73599ffb20b/melon/resize/416/quality/80/optimize,씨스타
483581,https://cdnimg.melon.co.kr/cm2/artistcrop/images/004/83/581/483581_20230704142103_500.jpg?53087723b6fd6e956f2f8387f77be73d/melon/resize/416/quality/80/optimize,틴탑
510242,https://cdnimg.melon.co.kr/cm2/artistcrop/images/005/10/242/510242_20240403101624_500.jpg?4d7e2eeabb19393c547deca56e511f07/melon/resize/416/quality/80/optimize,숀 (SHAUN)
524801,https://cdnimg.melon.co.kr/cm2/artistcrop/images/005/24/801/524801_20230609133350_500.jpg?14f96c2a456398911ea36659de1c7d82/melon/resize/416/quality/80/optimize,DK(디셈버)
531700,https://cdnimg.melon.co.kr/cm2/artistcrop/images/005/31/700/531700_20220310165052_500.jpg?29a6fd8ebe1e231893258d98a2e55b27/melon/resize/416/quality/80/optimize,브레이브걸스
532029,https://cdnimg.melon.co.kr/cm2/artistcrop/images/005/32/029/532029_20230620101729_500.jpg?38f75782b81683f20f093ff1bee308ab/melon/resize/416/quality/80/optimize,빈지노 (Beenzino)
534360,https://cdnimg.melon.co.kr/cm2/artistcrop/images/005/34/360/534360_20231211112613_500.jpg?84e5048c5c98910fb7e0eada688f1ab4/melon/resize/416/quality/80/optimize,Apink (에이핑크)
537920,https://cdnimg.melon.co.kr/cm2/artistcrop/images/005/37/920/537920_20231129120804_500.jpg?420c33e4e9cb5d0fdeb1f0a807942da0/melon/resize/416/quality/80/optimize,Zion.T
544520,https://cdnimg.melon.co.kr/cm/artistcrop/images/005/44/520/544520_500.jpg?bbcc590914cdf24ad5a2282c8baebf50/melon/resize/416/quality/80/optimize,종현 (JONGHYUN)
552102,https://cdnimg.melon.co.kr/cm/artistcrop/images/005/52/102/552102_500.jpg?401f0f9e14861832848995f63db17db5/melon/resize/416/quality/80/optimize,J. Cole
566431,https://cdnimg.melon.co.kr/cm2/artistcrop/images/005/66/431/566431_20250102104057_500.jpg?16f1f3ca8befdcc954120471e5320719/melon/resize/416/quality/80/optimize,마크툽 (MAKTUB)
569233,https://cdnimg.melon.co.kr/cm/artistcrop/images/005/69/233/569233_500.jpg/melon/resize/416/quality/80/optimize,버스커 버스커
573812,https://cdnimg.melon.co.kr/cm2/artistcrop/images/005/73/812/573812_20240812154123_500.jpg?d4ac9f4e2552c75231b1e1c46fa412ec/melon/resize/416/quality/80/optimize,효린
585492,https://cdnimg.melon.co.kr/cm2/artistcrop/images/005/85/492/585492_20240226101657_500.jpg?6225eb3188952d4fd98d24cd6330b818/melon/resize/416/quality/80/optimize,기리보이
602056,https://cdnimg.melon.co.kr/cm2/artistcrop/images/006/02/056/602056_20240426112932_500.jpg?e76099218079681f35fdf0e0d8a9e49c/melon/resize/416/quality/80/optimize,지코 (ZICO)
614026,https://cdnimg.melon.co.kr/cm2/artistcrop/images/006/14/026/614026_20240919120140_500.jpg?009401bae0fa556be1e473485fe4b746/melon/resize/416/quality/80/optimize,키 (KEY)
623251,https://cdnimg.melon.co.kr/cm2/artistcrop/images/006/23/251/623251_20240426113510_500.jpg?57401cbaabdb52cc18eeb667982253e8/melon/resize/416/quality/80/optimize,릴보이 (lIlBOI)
629831,https://cdnimg.melon.co.kr/cm2/artistcrop/images/006/29/831/629831_20231010165143_500.jpg?b4c6f936629f2e43cf4e57d0cb66d32f/melon/resize/416/quality/80/optimize,에일리(Ailee)
630454,https://cdnimg.melon.co.kr/cm2/artistcrop/images/006/30/454/630454_20220929142524_500.jpg?004561d001b452ec01b4b4a1318689bb/melon/resize/416/quality/80/optimize,EXID
633071,https://cdnimg.melon.co.kr/cm2/artistcrop/images/006/33/071/633071_20220809153338_500.jpg?21653b8818ef1f15618ba77bc3cd7a89/melon/resize/416/quality/80/optimize,R.Tee
641331,https://cdnimg.melon.co.kr/cm2/artistcrop/images/006/41/331/641331_20240614113515_500.jpg?fca5bdaa7ea726b7cf84e481330625e2/melon/resize/416/quality/80/optimize,조현아 (어반자카파)
644871,https://cdnimg.melon.co.kr/cm2/artistcrop/images/006/44/871/644871_20231211112733_500.jpg?a794f8fce5d7960559c3ac8f54547eba/melon/resize/416/quality/80/optimize,정은지
646171,https://cdnimg.melon.co.kr/cm2/artistcrop/images/006/46/171/646171_20210827180057_500.jpg?7c1d4b9a9bc39c270ba75611d1c96e12/melon/resize/416/quality/80/optimize,이하이
647971,https://cdnimg.melon.co.kr/cm2/artistcrop/images/006/47/971/647971_20230502114548_500.jpg?953359c28d2b099a2061e092378574f2/melon/resize/416/quality/80/optimize,비투비
648551,https://cdnimg.melon.co.kr/cm/artistcrop/images/006/48/551/648551_2_500.jpg?adb0e2c005981cdd91553cd5f6558ba2/melon/resize/416/quality/80/optimize,장범준
655051,https://cdnimg.melon.co.kr/cm2/artistcrop/images/006/55/051/655051_20240701143132_500.jpg?0b6f981ee1543e1be4c9aa8b4ef1b932/melon/resize/416/quality/80/optimize,벤
672375,https://cdnimg.melon.co.kr/cm2/artistcrop/images/006/72/375/672375_20230615142615_500.jpg?cbe47503c66984409940fb910ffbfe15/melon/resize/416/quality/80/optimize,방탄소년단
672392,https://cdnimg.melon.co.kr/cm2/artistcrop/images/006/72/392/672392_20240108111248_500.jpg?8ccb2fe4345ba83009c7e372c26b1564/melon/resize/416/quality/80/optimize,산들
672560,https://cdnimg.melon.co.kr/cm2/artistcrop/images/006/72/560/672560_20231121134435_500.jpg?664e4a25527e9cd6c563ac61368dee52/melon/resize/416/quality/80/optimize,VIXX (빅스)
672853,https://cdnimg.melon.co.kr/cm2/artistcrop/images/006/72/853/672853_20240430112606_500.jpg?6997b8cc892a0ec6d3fb50a51ae5ef66/melon/resize/416/quality/80/optimize,도경수(D.O.)
672857,https://cdnimg.melon.co.kr/cm2/artistcrop/images/006/72/857/672857_20240823102616_500.jpg?3b428a0c34b7df6448b678aaacae02c7/melon/resize/416/quality/80/optimize,찬열 (CHANYEOL)
672859,https://cdnimg.melon.co.kr/cm2/artistcrop/images/006/72/859/672859_20240830111209_500.jpg?ad42d6a4279252d58e25058b4a443c15/melon/resize/416/quality/80/optimize,백현 (BAEKHYUN)
673033,https://cdnimg.melon.co.kr/cm2/artistcrop/images/006/73/033/673033_20240405164309_500.jpg?1032b779c12bb81c42793904b8d42af4/melon/resize/416/quality/80/optimize,우디 (Woody)
674710,https://cdnimg.melon.co.kr/cm2/artistcrop/images/006/74/710/674710_20231109105754_500.jpg?72dbf08f46ae33a54e7d7a6cdf460589/melon/resize/416/quality/80/optimize,Crush
674725,https://cdnimg.melon.co.kr/cm2/artistcrop/images/006/74/725/674725_20230331152459_500.jpg?8cecd7c4c3b5fbbfd7691709f747aad5/melon/resize/416/quality/80/optimize,지구인
683172,https://cdnimg.melon.co.kr/cm2/artistcrop/images/006/83/172/683172_20200525175253_500.jpg?742abbe8e73da498344babbe2f5a1698/melon/resize/416/quality/80/optimize,전미도
683631,https://cdnimg.melon.co.kr/cm2/artistcrop/images/006/83/631/683631_20221202144750_500.jpg?df6962a5f096cf8b3388c795c8f667e5/melon/resize/416/quality/80/optimize,주호
688432,https://cdnimg.melon.co.kr/cm2/artistcrop/images/006/88/432/688432_20201014150323_500.jpg?ce2be090f5a6f34819c89a1012501a1e/melon/resize/416/quality/80/optimize,로꼬
695753,https://cdnimg.melon.co.kr/cm2/artistcrop/images/006/95/753/695753_20241115114420_500.jpg?YUV444/melon/resize/416,안성훈
695994,https://cdnimg.melon.co.kr/cm2/artistcrop/images/006/95/994/695994_20241128145934_500.jpg?2f1e561a459dc36982d0af912bf81a98/melon/resize/416/quality/80/optimize,양다일
696532,https://cdnimg.melon.co.kr/cm2/artistcrop/images/006/96/532/696532_20230822122019_500.jpg?7e8e5ca50f91743da095f5ec93b7efad/melon/resize/416/quality/80/optimize,BIGONE (빅원)
698776,https://cdnimg.melon.co.kr/cm2/artistcrop/images/006/98/776/698776_20240620145531_500.jpg?67827ed88a7097154bf3bccefa9409d8/melon/resize/416/quality/80/optimize,백예린 (Yerin Baek)
699632,https://cdnimg.melon.co.kr/cm2/artistcrop/images/006/99/632/699632_20241015142544_500.jpg?a6f1ae8471f3bd942d8f6af80fbfa642/melon/resize/416/quality/80/optimize,로이킴
711476,https://cdnimg.melon.co.kr/cm2/artistcrop/images/007/11/476/711476_20240821102409_500.jpg?cd355cbbb68a229d25af8367e2f14e51/melon/resize/416/quality/80/optimize,한동근
712452,https://cdnimg.melon.co.kr/cm2/artistcrop/images/007/12/452/712452_20240603132217_500.jpg?5895e8fcf778b78ce3385759f95fe848/melon/resize/416/quality/80/optimize,AKMU (악뮤)
712453,https://cdnimg.melon.co.kr/cm2/artistcrop/images/007/12/453/712453_20240603132343_500.jpg?ff388722b3dad45e3177b211846936d5/melon/resize/416/quality/80/optimize,이찬혁
718041,https://cdnimg.melon.co.kr/cm2/artistcrop/images/007/18/041/718041_20221124182543_500.jpg?24e6fe16387213107edb572d1e9c30f1/melon/resize/416/quality/80/optimize,신지훈
718655,https://cdnimg.melon.co.kr/cm2/artistcrop/images/007/18/655/718655_20241018143713_500.jpg?515687e1c2cfb28af712425cf86048d0/melon/resize/416/quality/80/optimize,이예준
720018,https://cdnimg.melon.co.kr/cm2/artistcrop/images/007/20/018/720018_20240404094720_500.jpg?dd239fba450413ea8c63ebb74613bf6e/melon/resize/416/quality/80/optimize,김호중
722098,https://cdnimg.melon.co.kr/cm2/artistcrop/images/007/22/098/722098_20231222131936_500.jpg?fa2edc0b7ce93010fa8ce625a022237a/melon/resize/416/quality/80/optimize,송하예
723192,https://cdnimg.melon.co.kr/cm2/artistcrop/images/007/23/192/723192_20241024103531_500.jpg?58f30c88639e893d713b3ed07cdaffb7/melon/resize/416/quality/80/optimize,이승윤
724086,https://cdnimg.melon.co.kr/cm2/artistcrop/images/007/24/086/724086_20230316113059_500.jpg?b715eb5bf90f1c192e0edebbb7a8148a/melon/resize/416/quality/80/optimize,코드 쿤스트 (CODE KUNST)
724619,https://cdnimg.melon.co.kr/cm2/artistcrop/images/007/24/619/724619_20230707114413_500.jpg?1797395a8e9cc1225fc955585b7dacf9/melon/resize/416/quality/80/optimize,EXO
725984,https://cdnimg.melon.co.kr/cm2/artistcrop/images/007/25/984/725984_20230818111845_500.jpg?15cc22e459653bff9a4658ecf405f7b2/melon/resize/416/quality/80/optimize,j-hope
725985,https://cdnimg.melon.co.kr/cm2/artistcrop/images/007/25/985/725985_20240719122624_500.jpg?57546c258e174c703cb7cf4c5a900aa0/melon/resize/416/quality/80/optimize,지민
725987,https://cdnimg.melon.co.kr/cm2/artistcrop/images/007/25/987/725987_20231103102819_500.jpg?cfc5ea327ae0519e457a742af26b6346/melon/resize/416/quality/80/optimize,정국
725988,https://cdnimg.melon.co.kr/cm2/artistcrop/images/007/25/988/725988_20230421102609_500.jpg?a93d6f39c0dfe9fbf9013b1024a16d60/melon/resize/416/quality/80/optimize,SUGA
725989,https://cdnimg.melon.co.kr/cm2/artistcrop/images/007/25/989/725989_20240315105443_500.jpg?62878141778dd33f2fba8b3e82b29c31/melon/resize/416/quality/80/optimize,V
725991,https://cdnimg.melon.co.kr/cm2/artistcrop/images/007/25/991/725991_20240510104020_500.jpg?8297169167df19d53d4342c0d647ca53/melon/resize/416/quality/80/optimize,RM
735094,https://cdnimg.melon.co.kr/cm2/artistcrop/images/007/35/094/735094_20250107100043_500.jpg?YUV444/melon/resize/416,김나영
735506,https://cdnimg.melon.co.kr/cm2/artistcrop/images/007/35/506/735506_20230913155515_500.jpg?2e9013fb378e7bad15edf07319c62b05/melon/resize/416/quality/80/optimize,카더가든
735541,https://cdnimg.melon.co.kr/cm2/artistcrop/images/007/35/541/735541_20230914181257_500.jpg?e5c4236864b4ae9634b62806c0be860b/melon/resize/416/quality/80/optimize,딘딘 (DINDIN)
738480,https://cdnimg.melon.co.kr/cm2/artistcrop/images/007/38/480/738480_20230419182323_500.jpg?2400995b633343d70384a160993f6a88/melon/resize/416/quality/80/optimize,박재정
742478,https://cdnimg.melon.co.kr/cm2/artistcrop/images/007/42/478/742478_20191213161915_500.jpg?04561c1fb06ccf16108e254bbbc87627/melon/resize/416/quality/80/optimize,어쿠루브
742773,https://cdnimg.melon.co.kr/cm2/artistcrop/images/007/42/773/742773_20220705144136_500.jpg?66ca33a18bb7e54dad24b0b2dde44c9e/melon/resize/416/quality/80/optimize,MINO (송민호)
747054,https://cdnimg.melon.co.kr,여동생
749640,https://cdnimg.melon.co.kr/cm2/artistcrop/images/007/49/640/749640_20231211150614_500.jpg?63537259f0146a8143f62954d7a8d43f/melon/resize/416/quality/80/optimize,펀치 (Punch)
750053,https://cdnimg.melon.co.kr/cm2/artistcrop/images/007/50/053/750053_20221011160255_500.jpg?edae2d073288bf416fa5fe1c1297fd4b/melon/resize/416/quality/80/optimize,마마무 (Mamamoo)
751611,https://cdnimg.melon.co.kr/cm2/artistcrop/images/007/51/611/751611_20241030163139_500.jpg?c6a62ba4abdefd7945cda9613eecede6/melon/resize/416/quality/80/optimize,헤이즈 (Heize)
752425,https://cdnimg.melon.co.kr/cm2/artistcrop/images/007/52/425/752425_20250121133601_500.jpg?8fe3a070d95bdc615f679f5849d0b363/melon/resize/416/quality/80/optimize,폴킴
752627,https://cdnimg.melon.co.kr/cm2/artistcrop/images/007/52/627/752627_20201111111348_500.jpg?056539af902f4cd83b9f43eff0b49fc2/melon/resize/416/quality/80/optimize,스트레이 (The Stray)
755372,https://cdnimg.melon.co.kr/cm2/artistcrop/images/007/55/372/755372_20250122164314_500.jpg?4bebbad6794fa8affa0ddb0366210c8b/melon/resize/416/quality/80/optimize,이준호
755873,https://cdnimg.melon.co.kr/cm2/artistcrop/images/007/55/873/755873_20211222102239_500.jpg?9460fa40e09feec1df8831d63211b0ed/melon/resize/416/quality/80/optimize,중식이
756533,https://cdnimg.melon.co.kr/cm2/artistcrop/images/007/56/533/756533_20231012143849_500.jpg?c14f53a44c3b38ec9beee63720a76914/melon/resize/416/quality/80/optimize,휘인 (Whee In)
756963,https://cdnimg.melon.co.kr/cm2/artistcrop/images/007/56/963/756963_20230704152736_500.jpg?625b39032b1f4f58615a65729b063742/melon/resize/416/quality/80/optimize,윤딴딴
757273,https://cdnimg.melon.co.kr/cm2/artistcrop/images/007/57/273/757273_20210702101400_500.jpg?ae3be535bb04d589faaa3a3710198126/melon/resize/416/quality/80/optimize,샘김 (Sam Kim)
760046,https://cdnimg.melon.co.kr/cm2/artistcrop/images/007/60/046/760046_20240318104328_500.jpg?546220c3272364ffec8c6086c70573a4/melon/resize/416/quality/80/optimize,권진아
772253,https://cdnimg.melon.co.kr/cm2/artistcrop/images/007/72/253/772253_20230725145029_500.jpg?a19d0ddf8d58a44339f2799ac6a47537/melon/resize/416/quality/80/optimize,잔나비
772891,https://cdnimg.melon.co.kr/cm2/artistcrop/images/007/72/891/772891_20240510144023_500.jpg?c45b1abd17182afa37256947a910f536/melon/resize/416/quality/80/optimize,반하나
773440,https://cdnimg.melon.co.kr/cm2/artistcrop/images/007/73/440/773440_20201211151506_500.jpg?96fc30d0b6dafacbd32d482dc685fd73/melon/resize/416/quality/80/optimize,QM
774027,https://cdnimg.melon.co.kr/cm2/artistcrop/images/007/74/027/774027_20220111104215_500.jpg?3a24fe843a6dd7a59613123f9a06def8/melon/resize/416/quality/80/optimize,맥대디 (Mckdaddy)
774246,https://cdnimg.melon.co.kr/cm2/artistcrop/images/007/74/246/774246_20241008152405_500.jpg?9a650d1329be86ad52e52d617a026c19/melon/resize/416/quality/80/optimize,홍이삭
774900,https://cdnimg.melon.co.kr/cm2/artistcrop/images/007/74/900/774900_20240129141111_500.jpg?9a755950de137bf6e3d1e6f946b49c3f/melon/resize/416/quality/80/optimize,창모 (CHANGMO)
775197,https://cdnimg.melon.co.kr/cm2/artistcrop/images/007/75/197/775197_20220705143441_500.jpg?b06a75370b839ba34e3d6e5f6659b41b/melon/resize/416/quality/80/optimize,WINNER
780066,https://cdnimg.melon.co.kr/cm2/artistcrop/images/007/80/066/780066_20240618100837_500.jpg?9ba1cd503e036cc0086777a46f8e710e/melon/resize/416/quality/80/optimize,Red Velvet (레드벨벳)
780922,https://cdnimg.melon.co.kr/cm2/artistcrop/images/007/80/922/780922_20240618101538_500.jpg?d28dac9d21710bb456890cc78ab746cb/melon/resize/416/quality/80/optimize,조이 (JOY)
784925,https://cdnimg.melon.co.kr/cm2/artistcrop/images/007/84/925/784925_20240530140046_500.jpg?df8f0a1f06875fb74ed1afb050bd4f91/melon/resize/416/quality/80/optimize,그리즐리 (Grizzly)
785501,https://cdnimg.melon.co.kr/cm2/artistcrop/images/007/85/501/785501_20230602145301_500.jpg?e94df342b469b4f725cadbe0c27ea4d7/melon/resize/416/quality/80/optimize,디핵 (D-Hack)
786499,https://cdnimg.melon.co.kr/cm2/artistcrop/images/007/86/499/786499_20220722171049_500.jpg?2377e6fce64acf01fe8e47667d8272a3/melon/resize/416/quality/80/optimize,저스디스 (JUSTHIS)
789503,https://cdnimg.melon.co.kr/cm2/artistcrop/images/007/89/503/789503_20230517141411_500.jpg?2fab656f88c04b6b80cede56157f3f18/melon/resize/416/quality/80/optimize,미주 (MIJOO)
789943,https://cdnimg.melon.co.kr/cm2/artistcrop/images/007/89/943/789943_20240729154919_500.jpg?ed9aa037bb0ff4e9a81b792a9a593196/melon/resize/416/quality/80/optimize,던말릭 (DON MALIK)
791216,https://cdnimg.melon.co.kr/cm2/artistcrop/images/007/91/216/791216_20230109113440_500.jpg?897fb136b57ca0e2eadf7d63ab0d8ab9/melon/resize/416/quality/80/optimize,몬스타엑스
791484,https://cdnimg.melon.co.kr/cm2/artistcrop/images/007/91/484/791484_20230801113823_500.jpg?e665806a4436c5f731a05aafc12b0d4c/melon/resize/416/quality/80/optimize,Tabber
792022,https://cdnimg.melon.co.kr/cm2/artistcrop/images/007/92/022/792022_20241022172042_500.jpg?f942ae1e10b370152854990aef07b2f3/melon/resize/416/quality/80/optimize,볼빨간사춘기
792091,https://cdnimg.melon.co.kr/cm2/artistcrop/images/007/92/091/792091_20230614114110_500.jpg?4fdfd7e3f3139c0dfec4a205d1157fb5/melon/resize/416/quality/80/optimize,정승환
827439,https://cdnimg.melon.co.kr/cm2/artistcrop/images/008/27/439/827439_20231130112653_500.jpg?f3c900021772d3725c70a9856fc488da/melon/resize/416/quality/80/optimize,이라온
828478,https://cdnimg.melon.co.kr/cm2/artistcrop/images/008/28/478/828478_20250106101550_500.jpg?dbd6eb25a1845de19f3b6bb6de404bf6/melon/resize/416/quality/80/optimize,여자친구 (GFRIEND)
828700,https://cdnimg.melon.co.kr/cm2/artistcrop/images/008/28/700/828700_20230109114143_500.jpg?5347ffe42c612ebd31a8aa057c6bba62/melon/resize/416/quality/80/optimize,기현 (몬스타엑스)
830327,https://cdnimg.melon.co.kr/cm2/artistcrop/images/008/30/327/830327_20241101120914_500.jpg?d41e886bd78bb8b9f872de0f20249854/melon/resize/416/quality/80/optimize,도영 (DOYOUNG)
830329,https://cdnimg.melon.co.kr/cm2/artistcrop/images/008/30/329/830329_20241022162339_500.jpg?8a145efbb7d137048c0c30a100224b5e/melon/resize/416/quality/80/optimize,재현 (JAEHYUN)
839732,https://cdnimg.melon.co.kr/cm2/artistcrop/images/008/39/732/839732_20230526171823_500.jpg?6687faf46fa433ee4211d3004c6a3b15/melon/resize/416/quality/80/optimize,멜로망스
857994,https://cdnimg.melon.co.kr/cm2/artistcrop/images/008/57/994/857994_20240826154559_500.jpg?85fd57efafeca3fecf689979a087ed24/melon/resize/416/quality/80/optimize,오마이걸 (OH MY GIRL)
858125,https://cdnimg.melon.co.kr/cm2/artistcrop/images/008/58/125/858125_20241206135204_500.jpg?20143c5c3afff07116e71d1030be3fda/melon/resize/416/quality/80/optimize,케이시 (Kassy)
858851,https://cdnimg.melon.co.kr/cm2/artistcrop/images/008/58/851/858851_20240806103954_500.jpg?3d1602664e614b3c0d76208a92b8d28f/melon/resize/416/quality/80/optimize,그루비룸 (GroovyRoom)
861430,https://cdnimg.melon.co.kr/cm2/artistcrop/images/008/61/430/861430_20221017195927_500.jpg?5611326b858e1f09acd34339fee415d9/melon/resize/416/quality/80/optimize,엔플라잉 (N.Flying)
861436,https://cdnimg.melon.co.kr/cm2/artistcrop/images/008/61/436/861436_20241014185246_500.jpg?YUV444/melon/resize/416,세븐틴 (SEVENTEEN)
868677,https://cdnimg.melon.co.kr/cm2/artistcrop/images/008/68/677/868677_20241014125226_500.jpg?272580f2a17a9ff34e59cd97d5c29f22/melon/resize/416/quality/80/optimize,WOOZI
874347,https://cdnimg.melon.co.kr/cm2/artistcrop/images/008/74/347/874347_20250106134535_500.jpg?e9263f802e3c9494566a717f9f62434e/melon/resize/416/quality/80/optimize,승관
875152,https://cdnimg.melon.co.kr/cm2/artist/images/008/75/152/875152_20240717135440_500.jpg?45c026f03e5c597b51f84e0a7084e778/melon/resize/416/quality/80/optimize,하성운
894864,https://cdnimg.melon.co.kr/cm2/artistcrop/images/008/94/864/894864_20240902183109_500.jpg?fe997bb622a18256b7d631069cca475b/melon/resize/416/quality/80/optimize,DAY6 (데이식스)
895389,https://cdnimg.melon.co.kr/cm2/artistcrop/images/008/95/389/895389_20240902183222_500.jpg?30a4c946b926cb85d3936b59661a997f/melon/resize/416/quality/80/optimize,Young K (DAY6)
896123,https://cdnimg.melon.co.kr/cm2/artistcrop/images/008/96/123/896123_20240701102813_500.jpg?66aa1bfc1284726664d09ebb3eb4ea4f/melon/resize/416/quality/80/optimize,STEN (스텐)
905701,https://cdnimg.melon.co.kr/cm2/artistcrop/images/009/05/701/905701_20241114144235_500.jpg?13954b7bb8dc574fc04d43af44d7761b/melon/resize/416/quality/80/optimize,TWICE (트와이스)
906286,https://cdnimg.melon.co.kr/cm/artistcrop/images/009/06/286/906286_500.jpg?6ddd49e1cf8d7f7c55cc39a02429e277/melon/resize/416/quality/80/optimize,마틴스미스
906645,https://cdnimg.melon.co.kr/cm2/artistcrop/images/009/06/645/906645_20241114144418_500.jpg?8e897a25f2890d4ac9fbb5fcc0467700/melon/resize/416/quality/80/optimize,지효 (TWICE)
914277,https://cdnimg.melon.co.kr/cm2/artistcrop/images/009/14/277/914277_20220902144412_500.jpg?89d62ceaa55ed3e56ee175f9106df60b/melon/resize/416/quality/80/optimize,Kid Wine
923826,https://cdnimg.melon.co.kr/cm2/artistcrop/images/009/23/826/923826_20201026165739_500.jpg?47943c1fb8d5a18b9196558245859f2d/melon/resize/416/quality/80/optimize,비오 (B.O.)
925167,https://cdnimg.melon.co.kr/cm2/artistcrop/images/009/25/167/925167_20240828161937_500.jpg?b0126b82efeb903e1370a87bab6a4cb6/melon/resize/416/quality/80/optimize,김기태
925515,https://cdnimg.melon.co.kr/cm2/artistcrop/images/009/25/515/925515_20241212134307_500.jpg?8ad2a27d2b07d2a8b49f8f4d73ae1d63/melon/resize/416/quality/80/optimize,오반(OVAN)
926682,https://cdnimg.melon.co.kr/cm2/artistcrop/images/009/26/682/926682_20240710115317_500.jpg?b26fe3688f3a96c4ac485f24b6bc0f84/melon/resize/416/quality/80/optimize,태용 (TAEYONG)
943079,https://cdnimg.melon.co.kr/cm2/artistcrop/images/009/43/079/943079_20231114132701_500.jpg?b3e32a52eb3e08ced4368f67b9c5808c/melon/resize/416/quality/80/optimize,Paul Blanco
945663,https://cdnimg.melon.co.kr/cm2/artistcrop/images/009/45/663/945663_20240502180610_500.jpg?1c713e1c1d8cfd84edcef23df9e8407e/melon/resize/416/quality/80/optimize,김재환
946534,https://cdnimg.melon.co.kr/cm/artistcrop/images/009/46/534/946534_500.jpg?0a6dfaeac06dd0f74123d32849470064/melon/resize/416/quality/80/optimize,피아노맨
947099,https://cdnimg.melon.co.kr/cm2/artistcrop/images/009/47/099/947099_20240119135740_500.jpg?5ebdcae14eec507287436fe265cb23c6/melon/resize/416/quality/80/optimize,안예은
965986,https://cdnimg.melon.co.kr/cm2/artistcrop/images/009/65/986/965986_20241216105224_500.jpg?188b1f2bf83e4d9a12dc464b3c26dc68/melon/resize/416/quality/80/optimize,마크 (MARK)
965987,https://cdnimg.melon.co.kr/cm2/artistcrop/images/009/65/987/965987_20241115165515_500.jpg?02a91d996452866c49e67bbb195a8bf9/melon/resize/416/quality/80/optimize,텐 (TEN)
967229,https://cdnimg.melon.co.kr/cm2/artistcrop/images/009/67/229/967229_20210805170241_500.jpg?63a90b3a10fe086388e64e7e83278ac5/melon/resize/416/quality/80/optimize,릴러말즈 (Leellamarz)
968260,https://cdnimg.melon.co.kr/cm2/artistcrop/images/009/68/260/968260_20230724110059_500.jpg?549ba304fb5a4251115a3b36ac563962/melon/resize/416/quality/80/optimize,전소미
968265,https://cdnimg.melon.co.kr/cm2/artistcrop/images/009/68/265/968265_20240828110833_500.jpg?a2a6595ac50a1a3b0b62b50ce0a4ae04/melon/resize/416/quality/80/optimize,청하
968452,https://cdnimg.melon.co.kr/cm2/artistcrop/images/009/68/452/968452_20230912112200_500.jpg?37130fbda43f8efa27e137a3b02a8953/melon/resize/416/quality/80/optimize,오왠 (O.WHEN)
980594,https://cdnimg.melon.co.kr/cm2/artistcrop/images/009/80/594/980594_20211028154807_500.jpg?52ab53e4a17e3ec0f0306dfc5e25dcce/melon/resize/416/quality/80/optimize,블루 (BLOO)
991413,https://cdnimg.melon.co.kr/cm2/artistcrop/images/009/91/413/991413_20240829141002_500.jpg?a5ada8a4bca98904de712d1f01227c05/melon/resize/416/quality/80/optimize,NCT 127
994005,https://cdnimg.melon.co.kr/cm2/artistcrop/images/009/94/005/994005_20240712154728_500.jpg?0cb257c08b013df79d88d8e8b3335a94/melon/resize/416/quality/80/optimize,경서
994944,https://cdnimg.melon.co.kr/cm2/artistcrop/images/009/94/944/994944_20240503160702_500.jpg?ed17380014ab6203e20c32f8ea607b59/melon/resize/416/quality/80/optimize,임영웅
995169,https://cdnimg.melon.co.kr/cm2/artistcrop/images/009/95/169/995169_20220915145817_500.jpg?c9540b8c2dbd42f894b05fd63865ee26/melon/resize/416/quality/80/optimize,BLACKPINK
995174,https://cdnimg.melon.co.kr/cm2/artistcrop/images/009/95/174/995174_20230331113916_500.jpg?f2bb876b466ecf20c4dd1f8e8f65ac49/melon/resize/416/quality/80/optimize,지수 (JISOO)
1023977,https://cdnimg.melon.co.kr,Sondia
1024489,https://cdnimg.melon.co.kr/cm2/artistcrop/images/010/24/489/1024489_20240704105120_500.jpg?071f23625ec0c5315ee69a8944fb8e84/melon/resize/416/quality/80/optimize,#안녕
1066419,https://cdnimg.melon.co.kr/cm2/artistcrop/images/010/66/419/1066419_20241031143039_500.jpg?3262170c92edbfa24b30f4094aca61b6/melon/resize/416/quality/80/optimize,NCT DREAM
1229685,https://cdnimg.melon.co.kr/cm2/artistcrop/images/012/29/685/1229685_20250115114744_500.jpg?cae3d7f9476786b4b4e28cad8a68b8b0/melon/resize/416/quality/80/optimize,HYNN (박혜원)
1285827,https://cdnimg.melon.co.kr/cm2/artistcrop/images/012/85/827/1285827_20200406161715_500.jpg?9d3b8e5f123d6af64aac397eb0e779a1/melon/resize/416/quality/80/optimize,문성욱
1461621,https://cdnimg.melon.co.kr/cm2/artistcrop/images/014/61/621/1461621_20220401161957_500.jpg?b5ca5e5a4845785ad86609cc103f112d/melon/resize/416/quality/80/optimize,정동원
1624993,https://cdnimg.melon.co.kr/cm2/artistcrop/images/016/24/993/1624993_20240308164232_500.jpg?7c7842f3ab3262b3a645078cb565ef54/melon/resize/416/quality/80/optimize,하이라이트 (HIGHLIGHT)
1628094,https://cdnimg.melon.co.kr/cm2/artistcrop/images/016/28/094/1628094_20230901144006_500.jpg?5048d31bb0bc55373700699aa829fc7c/melon/resize/416/quality/80/optimize,unofficialboyy
1702472,https://cdnimg.melon.co.kr/cm2/artistcrop/images/017/02/472/1702472_20240809164332_500.jpg?83dcb7eca9ec58983221dc90acc37777/melon/resize/416/quality/80/optimize,원슈타인
1865473,https://cdnimg.melon.co.kr/cm2/artistcrop/images/018/65/473/1865473_20220204162826_500.jpg?26043c8b98ee44389ff9ea1ed8f26523/melon/resize/416/quality/80/optimize,황인욱
1866276,https://cdnimg.melon.co.kr/cm2/artistcrop/images/018/66/276/1866276_20221017200252_500.jpg?af0d342270ca82672a906271dc3dd823/melon/resize/416/quality/80/optimize,유회승 (엔플라잉)
1866689,https://cdnimg.melon.co.kr/cm2/artistcrop/images/018/66/689/1866689_20221124114330_500.jpg?9169b55198d4b4f7d681cd432d7c92a4/melon/resize/416/quality/80/optimize,우원재
1957961,https://cdnimg.melon.co.kr/cm2/artistcrop/images/019/57/961/1957961_20240613145747_500.jpg?4ed7fb759748e6f01cabbe670159cc0e/melon/resize/416/quality/80/optimize,JUNNY (주니)
2006344,https://cdnimg.melon.co.kr/cm2/artistcrop/images/020/06/344/2006344_20241121155823_500.jpg?c6bce3082e51877b5fbbefd0cc67d358/melon/resize/416/quality/80/optimize,Stray Kids (스트레이 키즈)
2019210,https://cdnimg.melon.co.kr/cm2/artistcrop/images/020/19/210/2019210_20240812160032_500.jpg?413e150b90f63167bced6d3b3a0f1e3b/melon/resize/416/quality/80/optimize,프로미스나인
2087273,https://cdnimg.melon.co.kr/cm2/artistcrop/images/020/87/273/2087273_20240111105714_500.jpg?43f9b44f059d6b0c44df7b88e9f0db5f/melon/resize/416/quality/80/optimize,임재현
2111694,https://cdnimg.melon.co.kr/cm2/artistcrop/images/021/11/694/2111694_20230913105320_500.jpg?df5563afce35eda162c7167c45db1c33/melon/resize/416/quality/80/optimize,쿠기 (Coogie)
2112233,https://cdnimg.melon.co.kr/cm2/artistcrop/images/021/12/233/2112233_20250106134445_500.jpg?fb02661c11c9ea7b7ca26fbd3b056f55/melon/resize/416/quality/80/optimize,부석순 (SEVENTEEN)
2112493,https://cdnimg.melon.co.kr/cm2/artistcrop/images/021/12/493/2112493_20230516160144_500.jpg?b90f3fb191b7179b40e8adf87029ff5a/melon/resize/416/quality/80/optimize,김하온 (HAON)
2112495,https://cdnimg.melon.co.kr/cm2/artistcrop/images/021/12/495/2112495_20210308175623_500.jpg?3f4a985cb5f11f0e7c57edee7eab5785/melon/resize/416/quality/80/optimize,ASH ISLAND
2112746,https://cdnimg.melon.co.kr/cm2/artistcrop/images/021/12/746/2112746_20240702152046_500.jpg?02fb21a2017104dfed163ab1bdc1082a/melon/resize/416/quality/80/optimize,Jayci yucca (제이씨 유카)
2113114,https://cdnimg.melon.co.kr/cm2/artistcrop/images/021/13/114/2113114_20240423103944_500.jpg?9801b641e191e2aef1ac1f53d482dbf4/melon/resize/416/quality/80/optimize,백아
2136895,https://cdnimg.melon.co.kr/cm2/artistcrop/images/021/36/895/2136895_20240223155529_500.jpg?6d4e82186bcbb27db5032f91afe9575d/melon/resize/416/quality/80/optimize,순순희
2137482,https://cdnimg.melon.co.kr/cm2/artistcrop/images/021/37/482/2137482_20240703113055_500.jpg?f34a55437e11b8be900f6a54b416417a/melon/resize/416/quality/80/optimize,(여자)아이들
2138586,https://cdnimg.melon.co.kr/cm2/artistcrop/images/021/38/586/2138586_20231106140310_500.jpg?0aade45623a69e42a8acd441ee0244cd/melon/resize/416/quality/80/optimize,SINCE
2138620,https://cdnimg.melon.co.kr/cm2/artistcrop/images/021/38/620/2138620_20241007133438_500.jpg?e3706bbb447c5a0f5824197ab023a38e/melon/resize/416/quality/80/optimize,이무진
2189536,https://cdnimg.melon.co.kr/cm2/artistcrop/images/021/89/536/2189536_20241122165725_500.jpg?d7855b5eef96b830ce0394665bf124d4/melon/resize/416/quality/80/optimize,송이한
2189803,https://cdnimg.melon.co.kr/cm2/artistcrop/images/021/89/803/2189803_20241106144050_500.jpg?YUV444/melon/resize/416,범진
2190397,https://cdnimg.melon.co.kr/cm2/artistcrop/images/021/90/397/2190397_20240528165232_500.jpg?ea10b49e35f6ffc1541948932e4373fc/melon/resize/416/quality/80/optimize,허성현 (Huh)
2190430,https://cdnimg.melon.co.kr/cm2/artistcrop/images/021/90/430/2190430_20220520134906_500.jpg?121fb0dca715b8a23688fc32747737aa/melon/resize/416/quality/80/optimize,TOIL
2241043,https://cdnimg.melon.co.kr/cm2/artistcrop/images/022/41/043/2241043_20240802160946_500.jpg?e66f952e903d659f67bfcad0c1868873/melon/resize/416/quality/80/optimize,로키드 (Lokid)
2241672,https://cdnimg.melon.co.kr/cm2/artistcrop/images/022/41/672/2241672_20240124094719_500.jpg?5a75bc11ed96c9b72e6d58624d096042/melon/resize/416/quality/80/optimize,PL (피엘)
2243398,https://cdnimg.melon.co.kr/cm2/artistcrop/images/022/43/398/2243398_20240807120504_500.jpg?0e28b6f7af7d6272dd864b0d278d0376/melon/resize/416/quality/80/optimize,너드커넥션 (Nerd Connection)
2398314,https://cdnimg.melon.co.kr/cm2/artistcrop/images/023/98/314/2398314_20250123103657_500.jpg?6fbcfd7259d089844760634df156dc2a/melon/resize/416/quality/80/optimize,보라미유
2398653,https://cdnimg.melon.co.kr/cm2/artistcrop/images/023/98/653/2398653_20201207160543_500.jpg?78d9d0327d10c3b26ab126863e712173/melon/resize/416/quality/80/optimize,IZ*ONE (아이즈원)
2399719,https://cdnimg.melon.co.kr/cm2/artistcrop/images/023/99/719/2399719_20230808180721_500.jpg?cfe10863e3656b2f27e018a5e8be0503/melon/resize/416/quality/80/optimize,조유리
2399724,https://cdnimg.melon.co.kr/cm2/artistcrop/images/023/99/724/2399724_20240927115531_500.jpg?5714443c2c02e87f0fd526f710667cb6/melon/resize/416/quality/80/optimize,YENA (최예나)
2399819,https://cdnimg.melon.co.kr/cm2/artistcrop/images/023/99/819/2399819_20241115114454_500.jpg?ec597163f04f8826598cc26c1831612c/melon/resize/416/quality/80/optimize,최종호
2402561,https://cdnimg.melon.co.kr/cm2/artistcrop/images/024/02/561/2402561_20220926172911_500.jpg?d54cbafa89de8474bfa77cb658c33dbc/melon/resize/416/quality/80/optimize,아넌딜라이트(Anandelight)
2558203,https://cdnimg.melon.co.kr/cm2/artistcrop/images/025/58/203/2558203_20241007175343_500.jpg?e4c048ff52fba7de8af967d1937891af/melon/resize/416/quality/80/optimize,설호승 (SURL)
2561475,https://cdnimg.melon.co.kr/cm2/artistcrop/images/025/61/475/2561475_20240422112919_500.jpg?36b436e81d2102dc8f5df8abcd5c2237/melon/resize/416/quality/80/optimize,sokodomo
2620684,https://cdnimg.melon.co.kr/cm2/artistcrop/images/026/20/684/2620684_20230509160933_500.jpg?a3c7eb13a3ff18cff3ff4be44d66e1df/melon/resize/416/quality/80/optimize,365LIT
2622030,https://cdnimg.melon.co.kr/cm2/artistcrop/images/026/22/030/2622030_20241004143151_500.jpg?YUV444/melon/resize/416,ITZY (있지)
2631479,https://cdnimg.melon.co.kr/cm2/artistcrop/images/026/31/479/2631479_20231006160511_500.jpg?b49042ab4007a72e39e48f0368f9f9cd/melon/resize/416/quality/80/optimize,아우릴고트 (OUREALGOAT)
2632253,https://cdnimg.melon.co.kr/cm2/artistcrop/images/026/32/253/2632253_20241104114506_500.jpg?2c348ac9d0f877d80eb642d6e67b9641/melon/resize/416/quality/80/optimize,투모로우바이투게더
2636153,https://cdnimg.melon.co.kr/cm2/artistcrop/images/026/36/153/2636153_20240621093907_500.jpg?3fad60f904468bf2e1a296d132d6d7b0/melon/resize/416/quality/80/optimize,이영지
2639564,https://cdnimg.melon.co.kr/cm2/artistcrop/images/026/39/564/2639564_20241212134912_500.jpg?e3a91374294982b9b3013585319fd381/melon/resize/416/quality/80/optimize,정효빈
2640194,https://cdnimg.melon.co.kr/cm2/artistcrop/images/026/40/194/2640194_20210604104802_500.jpg?d9c98571073efa8fafc7c87b8305019b/melon/resize/416/quality/80/optimize,한빈 (포맨)
2640423,https://cdnimg.melon.co.kr/cm2/artistcrop/images/026/40/423/2640423_20230227142354_500.jpg?b340d99f8651c2eb53dd9cf31e27540f/melon/resize/416/quality/80/optimize,Janet Suhh (자넷서)
2640968,https://cdnimg.melon.co.kr/cm2/artistcrop/images/026/40/968/2640968_20230808111717_500.jpg?6f16383092ff11cfde3eed80f48f5ee4/melon/resize/416/quality/80/optimize,토이고 (toigo)
2645970,https://cdnimg.melon.co.kr/cm2/artistcrop/images/026/45/970/2645970_20240920164506_500.jpg?07d184be3dbbb03749a997ff650c29ac/melon/resize/416/quality/80/optimize,최유리
2736680,https://cdnimg.melon.co.kr/cm2/artistcrop/images/027/36/680/2736680_20210305170100_500.jpg?e321472fce3cd8fa8e9b78b50e04444d/melon/resize/416/quality/80/optimize,안병웅
2736779,https://cdnimg.melon.co.kr/cm2/artistcrop/images/027/36/779/2736779_20240813170045_500.jpg?760d89bec764637010978c4fb6c57a3c/melon/resize/416/quality/80/optimize,LUCY
2738493,https://cdnimg.melon.co.kr/cm2/artistcrop/images/027/38/493/2738493_20201015173834_500.jpg?609b911bbef2bc42c85c8867bc5ecbc5/melon/resize/416/quality/80/optimize,조광일
2738871,https://cdnimg.melon.co.kr/cm2/artistcrop/images/027/38/871/2738871_20250123110914_500.jpg?aef8122fe3e38d1b908eaca7c2e0a94a/melon/resize/416/quality/80/optimize,CIX (씨아이엑스)
2739011,https://cdnimg.melon.co.kr/cm2/artistcrop/images/027/39/011/2739011_20241107174348_500.jpg?bdadb84e5469fcd268cbb1504c2368ea/melon/resize/416/quality/80/optimize,전건호
2740042,https://cdnimg.melon.co.kr/cm2/artistcrop/images/027/40/042/2740042_20230120173133_500.jpg?ca955e14d6b4634e8a93455684413ca7/melon/resize/416/quality/80/optimize,신예영
2740934,https://cdnimg.melon.co.kr/cm2/artistcrop/images/027/40/934/2740934_20240725160938_500.jpg?22eddce9059e5c961a4f2d76dcf70e6b/melon/resize/416/quality/80/optimize,미노이 (meenoi)
2741140,https://cdnimg.melon.co.kr/cm2/artistcrop/images/027/41/140/2741140_20230120134723_500.jpg?34597f0b38cabb34665e78fc5758978c/melon/resize/416/quality/80/optimize,KHAN
2741857,https://cdnimg.melon.co.kr/cm2/artistcrop/images/027/41/857/2741857_20230825094019_500.jpg?c3ed770ea26d15440952a0e3ae9bce12/melon/resize/416/quality/80/optimize,Mingginyu (밍기뉴)
2742307,https://cdnimg.melon.co.kr/cm2/artistcrop/images/027/42/307/2742307_20241113104357_500.jpg?ab89e6beac3501ae7dce91a6ad01ad95/melon/resize/416/quality/80/optimize,TimeFeveR (타임피버)
2744750,https://cdnimg.melon.co.kr/cm2/artistcrop/images/027/44/750/2744750_20231122182642_500.jpg?8d4af8eaffe43baa21fb7110ed28c55e/melon/resize/416/quality/80/optimize,BIG Naughty (서동현)
2746396,https://cdnimg.melon.co.kr/cm2/artistcrop/images/027/46/396/2746396_20201102154442_500.jpg?dac6835f932f2ead9c6a1648df22cb4d/melon/resize/416/quality/80/optimize,런치
2747956,https://cdnimg.melon.co.kr/cm2/artistcrop/images/027/47/956/2747956_20241129155527_500.jpg?8c9b3cec2e02bdc912816ae92a84b027/melon/resize/416/quality/80/optimize,MELOH
2748892,https://cdnimg.melon.co.kr/cm2/artistcrop/images/027/48/892/2748892_20241018120419_500.jpg?9bbb93477b0899e150d0d84999b8800a/melon/resize/416/quality/80/optimize,줍에이 (Joob A)
2749421,https://cdnimg.melon.co.kr/cm2/artistcrop/images/027/49/421/2749421_20241111134133_500.jpg?c2c4b71e9f5589c21c960be77675f39f/melon/resize/416/quality/80/optimize,정동원
2750866,https://cdnimg.melon.co.kr/cm2/artistcrop/images/027/50/866/2750866_20220303134059_500.jpg?34780c75b1c10b07dce704e22079e3f9/melon/resize/416/quality/80/optimize,PATEKO (파테코)
2754623,https://cdnimg.melon.co.kr/cm2/artistcrop/images/027/54/623/2754623_20201214142344_500.jpg?e4a9029b338e99d7f6c01f7afee2a019/melon/resize/416/quality/80/optimize,호미들
2757382,https://cdnimg.melon.co.kr/cm2/artistcrop/images/027/57/382/2757382_20231024105413_500.jpg?786f40b3464e040096c58cb85c988e23/melon/resize/416/quality/80/optimize,Mudd the student
2758756,https://cdnimg.melon.co.kr/cm2/artistcrop/images/027/58/756/2758756_20240702134722_500.jpg?398d583c017584c3ef0623a0d9acd3a9/melon/resize/416/quality/80/optimize,BE'O (비오)
2761285,https://cdnimg.melon.co.kr/cm2/artistcrop/images/027/61/285/2761285_20230711121645_500.jpg?57bf4992ae434575405413ce77e754f9/melon/resize/416/quality/80/optimize,송민준
2763924,https://cdnimg.melon.co.kr/cm2/artistcrop/images/027/63/924/2763924_20240424180828_500.jpg?a41e8fa87ea864dfced8202c84f818ef/melon/resize/416/quality/80/optimize,이찬원
2764817,https://cdnimg.melon.co.kr/cm2/artistcrop/images/027/64/817/2764817_20230622101218_500.jpg?94051b0b8e76e0399ded7bb240a686c8/melon/resize/416/quality/80/optimize,달담
2765318,https://cdnimg.melon.co.kr/cm2/artistcrop/images/027/65/318/2765318_20240610102402_500.jpg?e3b17055b13dd7c7ce58d2f13e3caa34/melon/resize/416/quality/80/optimize,cignature (시그니처)
2854528,https://cdnimg.melon.co.kr/cm2/artistcrop/images/028/54/528/2854528_20200624161723_500.jpg?fcdf0668e35805aae4d6395d416f9899/melon/resize/416/quality/80/optimize,DANIEL
2862839,https://cdnimg.melon.co.kr/cm2/artistcrop/images/028/62/839/2862839_20230724173256_500.jpg?fb20218f72c96aae8af2a6b62ad0e355/melon/resize/416/quality/80/optimize,JAEHA (재하)
2863470,https://cdnimg.melon.co.kr/cm2/artistcrop/images/028/63/470/2863470_20240814101608_500.jpg?ef7246add3cc12405a2864951ddafff5/melon/resize/416/quality/80/optimize,경서예지
2880487,https://cdnimg.melon.co.kr/cm2/artistcrop/images/028/80/487/2880487_20220330112808_500.jpg?c4c9c8743854d29ecf6d0119170fd404/melon/resize/416/quality/80/optimize,주시크 (Joosiq)
2881152,https://cdnimg.melon.co.kr/cm2/artistcrop/images/028/81/152/2881152_20241024180240_500.jpg?9d1175b22c321146b7946d18325a33a2/melon/resize/416/quality/80/optimize,Royal 44
2885367,https://cdnimg.melon.co.kr/cm2/artistcrop/images/028/85/367/2885367_20240828111224_500.jpg?17a82c8e58271940a6f22381efa01205/melon/resize/416/quality/80/optimize,KIXO (키조)
2885449,https://cdnimg.melon.co.kr/cm2/artistcrop/images/028/85/449/2885449_20210628131900_500.jpg?10e5a16c439926f6b4992699f330f6e1/melon/resize/416/quality/80/optimize,DAY6 (Even of Day)
2889563,https://cdnimg.melon.co.kr/cm2/artistcrop/images/028/89/563/2889563_20241008103031_500.jpg?4a3757dcb712d56fcfdb4ad82e0570a4/melon/resize/416/quality/80/optimize,김다현
2893700,https://cdnimg.melon.co.kr/cm2/artistcrop/images/028/93/700/2893700_20241025153937_500.jpg?8d87b7b37214029831ac0f32e5408a0d/melon/resize/416/quality/80/optimize,탑현
2895619,https://cdnimg.melon.co.kr/cm2/artistcrop/images/028/95/619/2895619_20201008175145_500.jpg?36a1290565752e5f11a58bffa771ed80/melon/resize/416/quality/80/optimize,환불원정대
2897600,https://cdnimg.melon.co.kr/cm2/artistcrop/images/028/97/600/2897600_20241022144131_500.jpg?b94589713cf59ce2dd3b13768366257e/melon/resize/416/quality/80/optimize,g0nny (거니)
2899290,https://cdnimg.melon.co.kr/cm2/artistcrop/images/028/99/290/2899290_20241030112107_500.jpg?07c3a416f85c8f9539bb4c86762d0179/melon/resize/416/quality/80/optimize,STAYC(스테이씨)
2899555,https://cdnimg.melon.co.kr/cm2/artistcrop/images/028/99/555/2899555_20241016140306_500.jpg?b77f88c284b4942f1e779097ff66199c/melon/resize/416/quality/80/optimize,aespa
2908793,https://cdnimg.melon.co.kr/cm2/artistcrop/images/029/08/793/2908793_20220829133432_500.jpg?9a05e5ba1d1e9d70441aeccaea1fec1d/melon/resize/416/quality/80/optimize,김소연
2912859,https://cdnimg.melon.co.kr/cm2/artistcrop/images/029/12/859/2912859_20250109110444_500.jpg?3b052943302ff1a690fc1d0f91fe0522/melon/resize/416/quality/80/optimize,허회경
2922884,https://cdnimg.melon.co.kr/cm2/artistcrop/images/029/22/884/2922884_20231026134312_500.jpg?b287389f322aaf39410922cb529fc9ee/melon/resize/416/quality/80/optimize,NSW yoon
2928842,https://cdnimg.melon.co.kr/cm2/artistcrop/images/029/28/842/2928842_20240110111637_500.jpg?YUV444-90/melon/resize/416,노윤하
2931537,https://cdnimg.melon.co.kr/cm2/artistcrop/images/029/31/537/2931537_20210412101627_500.jpg?bd0aa56a6d533151c4e318757bf714ee/melon/resize/416/quality/80/optimize,21학번
2940599,https://cdnimg.melon.co.kr/cm2/artistcrop/images/029/40/599/2940599_20241105115906_500.jpg?be7f862236366c3d7f3b669c6536ff76/melon/resize/416/quality/80/optimize,EPEX (이펙스)
2960225,https://cdnimg.melon.co.kr/cm2/artistcrop/images/029/60/225/2960225_20241030114332_500.jpg?c5c902894e2579a82837cb52e8a177f9/melon/resize/416/quality/80/optimize,dori
2970177,https://cdnimg.melon.co.kr/cm2/artistcrop/images/029/70/177/2970177_20241106164231_500.jpg?46e91c34abf79c47a2f3e525d1ce5f65/melon/resize/416/quality/80/optimize,VIVIZ (비비지)
3048942,https://cdnimg.melon.co.kr/cm2/artistcrop/images/030/48/942/3048942_20240318093453_500.jpg?eee32d5b24e3ea36b3d307197352d3e2/melon/resize/416/quality/80/optimize,황지상 (HWANG JI SANG)
3048943,https://cdnimg.melon.co.kr,송민영
3048993,https://cdnimg.melon.co.kr/cm2/artistcrop/images/030/48/993/3048993_20241011124550_500.jpg?f6281a0be3e28061a85130883332ca64/melon/resize/416/quality/80/optimize,Billlie (빌리)
3055146,https://cdnimg.melon.co.kr/cm2/artistcrop/images/030/55/146/3055146_20250113092832_500.jpg?b410226280bf9efa9363e2ed778e4fb9/melon/resize/416/quality/80/optimize,IVE (아이브)
3055183,https://cdnimg.melon.co.kr/cm2/artistcrop/images/030/55/183/3055183_20220812115916_500.jpg?e12ff277989724a2c46a4ed65a9c84dc/melon/resize/416/quality/80/optimize,이예은
3058246,https://cdnimg.melon.co.kr/cm2/artistcrop/images/030/58/246/3058246_20241029145930_500.jpg?0a6a5d8919fd3e643a5057e64546a531/melon/resize/416/quality/80/optimize,Kep1er (케플러)
3059851,https://cdnimg.melon.co.kr/cm2/artistcrop/images/030/59/851/3059851_20230614101743_500.jpg?43220c6a95bdb6f949b401e10d6b1158/melon/resize/416/quality/80/optimize,이세계아이돌
3062461,https://cdnimg.melon.co.kr,"호형호제(한동근, 김기태)"
3063272,https://cdnimg.melon.co.kr/cm2/artistcrop/images/030/63/272/3063272_20230113110940_500.jpg?cb8af48d5b553938470fe92235ca16c2/melon/resize/416/quality/80/optimize,GOT the beat
3065477,https://cdnimg.melon.co.kr/cm2/artistcrop/images/030/65/477/3065477_20220207153346_500.jpg?2234aedcd9a0c6015f28d8d388e4fe96/melon/resize/416/quality/80/optimize,다민이 (DAMINI)
3070347,https://cdnimg.melon.co.kr/cm2/artistcrop/images/030/70/347/3070347_20220203140204_500.jpg?a0273c2802257bb098a9bd4511b17c18/melon/resize/416/quality/80/optimize,마마돌 (M.M.D)
3070786,https://cdnimg.melon.co.kr/cm2/artistcrop/images/030/70/786/3070786_20240809101015_500.jpg?abf204651d30dcdaaed1556c828dd23a/melon/resize/416/quality/80/optimize,NMIXX
3077814,https://cdnimg.melon.co.kr/cm2/artistcrop/images/030/77/814/3077814_20220830133321_500.jpg?0661a0dc7101003cb0041857f20ab2bd/melon/resize/416/quality/80/optimize,제이민 (J.min)
3092950,https://cdnimg.melon.co.kr/cm2/artistcrop/images/030/92/950/3092950_20240830115254_500.jpg?YUV444/melon/resize/416,LE SSERAFIM (르세라핌)
3093238,https://cdnimg.melon.co.kr,SUMI
3097895,https://cdnimg.melon.co.kr,WSG워너비 조별경연 (신선봉)
3099664,https://cdnimg.melon.co.kr,WSG워너비 조별경연 (할미봉)
3101552,https://cdnimg.melon.co.kr/cm2/artistcrop/images/031/01/552/3101552_20220708170805_500.jpg?d9f80be45bf1fe9e8031eb7413a2dc0b/melon/resize/416/quality/80/optimize,WSG워너비
3110858,https://cdnimg.melon.co.kr/cm2/artistcrop/images/031/10/858/3110858_20220708173346_500.jpg?2e64ce4d68497b2152fecf1daec5f00a/melon/resize/416/quality/80/optimize,WSG워너비 (오아시소)
3114174,https://cdnimg.melon.co.kr/cm2/artistcrop/images/031/14/174/3114174_20240621110136_500.jpg?9443257ed1eb9aa3e53dcc5570700196/melon/resize/416/quality/80/optimize,NewJeans
3120571,https://cdnimg.melon.co.kr/cm2/artistcrop/images/031/20/571/3120571_20241212181045_500.jpg?0e8a4c3f08160500b1d6a385f6f128be/melon/resize/416/quality/80/optimize,Yyeon
3123953,https://cdnimg.melon.co.kr/cm2/artistcrop/images/031/23/953/3123953_20230803151406_500.jpg?45ca415789db16665605ccf4ae06b0ef/melon/resize/416/quality/80/optimize,마마무+
3137294,https://cdnimg.melon.co.kr/cm2/artistcrop/images/031/37/294/3137294_20240508111157_500.jpg?87ee259469c923caae2ada4807ecc70d/melon/resize/416/quality/80/optimize,tripleS (트리플에스)
3156910,https://cdnimg.melon.co.kr/cm2/artistcrop/images/031/56/910/3156910_20241024173348_500.jpg?24f45dbbc24c29beb7946b14bfc08a51/melon/resize/416/quality/80/optimize,FIFTY FIFTY
3176163,https://cdnimg.melon.co.kr,김재욱
3181288,https://cdnimg.melon.co.kr/cm2/artistcrop/images/031/81/288/3181288_20250115103156_500.jpg?070146de34faca2152619d07456ce84a/melon/resize/416/quality/80/optimize,박지현
3181291,https://cdnimg.melon.co.kr/cm2/artistcrop/images/031/81/291/3181291_20241004172106_500.jpg?3578b6ac4f2c58bdc37aafe2a11729d3/melon/resize/416/quality/80/optimize,박성온
3184787,https://cdnimg.melon.co.kr/cm2/artistcrop/images/031/84/787/3184787_20230103184438_500.jpg?abbdda77d239e1a4b96618b749236636/melon/resize/416/quality/80/optimize,BOYS PLANET
3207401,https://cdnimg.melon.co.kr/cm2/artistcrop/images/032/07/401/3207401_20240820161643_500.jpg?YUV444/melon/resize/416,PLAVE
3236175,https://cdnimg.melon.co.kr/cm2/artistcrop/images/032/36/175/3236175_20230411165718_500.jpg?70b8ff76913056b6d829f46b9f6af717/melon/resize/416/quality/80/optimize,NCT 도재정
3283088,https://cdnimg.melon.co.kr,En Butter
3458776,https://cdnimg.melon.co.kr/cm2/artistcrop/images/034/58/776/3458776_20250106115152_500.jpg?d4227e9d181ff10c58c42c64936486fc/melon/resize/416/quality/80/optimize,BOYNEXTDOOR
3466604,https://cdnimg.melon.co.kr/cm2/artistcrop/images/034/66/604/3466604_20250116100322_500.jpg?fb6b0c163959e0e5bef308bc49fec7ec/melon/resize/416/quality/80/optimize,ZEROBASEONE (제로베이스원)
3478478,https://cdnimg.melon.co.kr/cm2/artistcrop/images/034/78/478/3478478_20240618103221_500.jpg?088121751c7df5682904f4d079ac691c/melon/resize/416/quality/80/optimize,RIIZE
3480275,https://cdnimg.melon.co.kr/cm2/artistcrop/images/034/80/275/3480275_20230814111257_500.jpg?db710937c469be80e332181674e66829/melon/resize/416/quality/80/optimize,"허용별 (허각, 신용재, 임한별)"
3574243,https://cdnimg.melon.co.kr/cm2/artistcrop/images/035/74/243/3574243_20241125103958_500.jpg?d8f44b9a0172782f1ab8d9635a3f2d8e/melon/resize/416/quality/80/optimize,NCT WISH
3679688,https://cdnimg.melon.co.kr/cm2/artistcrop/images/036/79/688/3679688_20241118100406_500.jpg?45e8d41f788b7622ea95d00c99b7065c/melon/resize/416/quality/80/optimize,TWS (투어스)
3743525,https://cdnimg.melon.co.kr/cm2/artistcrop/images/037/43/525/3743525_20241021150937_500.jpg?8451c515cae7abe3fdc7ff7989ce370d/melon/resize/416/quality/80/optimize,아일릿(ILLIT)
3750260,https://cdnimg.melon.co.kr/cm2/artistcrop/images/037/50/260/3750260_20240822172443_500.jpg?09a5acef33cda493098fefa4ce9e8e5a/melon/resize/416/quality/80/optimize,윤석원
3752136,https://cdnimg.melon.co.kr/cm2/artistcrop/images/037/52/136/3752136_20240610111859_500.jpg?678f09e37a4143eea93500393d6f036f/melon/resize/416/quality/80/optimize,이클립스 (ECLIPSE)
3790793,https://cdnimg.melon.co.kr/cm2/artistcrop/images/037/90/793/3790793_20240503095852_500.jpg?a6dd81c025a43a7ba3fd5b9635348b56/melon/resize/416/quality/80/optimize,차노을
4019008,https://cdnimg.melon.co.kr,고추잠자리
